factor_arribo,tasa_arribo,tasa_servicio,rho,capacidad_cola,modelo_cola,longitud_cola,probabilidad_media,desvio_estandar,semiancho_ic95,teoria,error_porcentual,estado_teorico
0.25,2.5,10.0,0.25,infinita,M/M/1,0,0.9379649024011562,0.0011527302460425913,0.0008245562524100123,0.9375,0.049589589456656334,capacidad_infinita_regimen_estacionario
0.25,2.5,10.0,0.25,infinita,M/M/1,1,0.04655220138698997,0.000934728009576867,0.000668617681582803,0.046875,-0.6886370410880657,capacidad_infinita_regimen_estacionario
0.25,2.5,10.0,0.25,infinita,M/M/1,2,0.011513918747859906,0.00022197009495833323,0.0001587768086022576,0.01171875,-1.7478933515954715,capacidad_infinita_regimen_estacionario
0.25,2.5,10.0,0.25,infinita,M/M/1,3,0.002888995147364941,0.00025278524137549934,0.00018081910491089934,0.0029296875,-1.3889656366100105,capacidad_infinita_regimen_estacionario
0.25,2.5,10.0,0.25,infinita,M/M/1,4,0.0008230606881262211,0.00019555196530561905,0.0001398797300733413,0.000732421875,12.37521928550005,capacidad_infinita_regimen_estacionario
0.25,2.5,10.0,0.25,infinita,M/M/1,5,0.0002028024712999888,8.274690234228501e-05,5.918945558002721e-05,0.00018310546875,10.757189659300556,capacidad_infinita_regimen_estacionario
0.25,2.5,10.0,0.25,infinita,M/M/1,6,4.433027258599481e-05,1.852584782990261e-05,1.3251672463514286e-05,4.57763671875e-05,-3.1590418601414725,capacidad_infinita_regimen_estacionario
0.25,2.5,10.0,0.25,infinita,M/M/1,7,9.316021832289891e-06,1.6589515219531653e-05,1.1866599792689458e-05,1.1444091796875e-05,-18.59535909320663,capacidad_infinita_regimen_estacionario
0.25,2.5,10.0,0.25,infinita,M/M/1,8,4.7286278460205715e-07,1.4518921052940448e-06,1.038548886311349e-06,2.86102294921875e-06,-83.47224775910378,capacidad_infinita_regimen_estacionario
0.25,2.5,10.0,0.25,infinita,M/M/1,9,0.0,0.0,0.0,7.152557373046875e-07,-100.0,capacidad_infinita_regimen_estacionario
0.25,2.5,10.0,0.25,infinita,M/M/1,10,0.0,0.0,0.0,1.7881393432617188e-07,-100.0,capacidad_infinita_regimen_estacionario
0.25,2.5,10.0,0.25,infinita,M/M/1,11,0.0,0.0,0.0,,,capacidad_infinita_regimen_estacionario
0.25,2.5,10.0,0.25,infinita,M/M/1,12,0.0,0.0,0.0,,,capacidad_infinita_regimen_estacionario
0.25,2.5,10.0,0.25,infinita,M/M/1,13,0.0,0.0,0.0,,,capacidad_infinita_regimen_estacionario
0.25,2.5,10.0,0.25,infinita,M/M/1,14,0.0,0.0,0.0,,,capacidad_infinita_regimen_estacionario
0.25,2.5,10.0,0.25,infinita,M/M/1,15,0.0,0.0,0.0,,,capacidad_infinita_regimen_estacionario
0.25,2.5,10.0,0.25,infinita,M/M/1,16,0.0,0.0,0.0,,,capacidad_infinita_regimen_estacionario
0.25,2.5,10.0,0.25,infinita,M/M/1,17,0.0,0.0,0.0,,,capacidad_infinita_regimen_estacionario
0.25,2.5,10.0,0.25,infinita,M/M/1,18,0.0,0.0,0.0,,,capacidad_infinita_regimen_estacionario
0.25,2.5,10.0,0.25,infinita,M/M/1,19,0.0,0.0,0.0,,,capacidad_infinita_regimen_estacionario
0.25,2.5,10.0,0.25,infinita,M/M/1,20,0.0,0.0,0.0,,,capacidad_infinita_regimen_estacionario
0.25,2.5,10.0,0.25,infinita,M/M/1,>20,0.0,0.0,0.0,,,capacidad_infinita_regimen_estacionario
0.25,2.5,10.0,0.25,0,M/M/1/K,0,1.0,0.0,0.0,1.0,0.0,capacidad_finita_regimen_estacionario
0.25,2.5,10.0,0.25,0,M/M/1/K,1,0.0,0.0,0.0,,,capacidad_finita_regimen_estacionario
0.25,2.5,10.0,0.25,0,M/M/1/K,2,0.0,0.0,0.0,,,capacidad_finita_regimen_estacionario
0.25,2.5,10.0,0.25,0,M/M/1/K,3,0.0,0.0,0.0,,,capacidad_finita_regimen_estacionario
0.25,2.5,10.0,0.25,0,M/M/1/K,4,0.0,0.0,0.0,,,capacidad_finita_regimen_estacionario
0.25,2.5,10.0,0.25,0,M/M/1/K,5,0.0,0.0,0.0,,,capacidad_finita_regimen_estacionario
0.25,2.5,10.0,0.25,0,M/M/1/K,6,0.0,0.0,0.0,,,capacidad_finita_regimen_estacionario
0.25,2.5,10.0,0.25,0,M/M/1/K,7,0.0,0.0,0.0,,,capacidad_finita_regimen_estacionario
0.25,2.5,10.0,0.25,0,M/M/1/K,8,0.0,0.0,0.0,,,capacidad_finita_regimen_estacionario
0.25,2.5,10.0,0.25,0,M/M/1/K,9,0.0,0.0,0.0,,,capacidad_finita_regimen_estacionario
0.25,2.5,10.0,0.25,0,M/M/1/K,10,0.0,0.0,0.0,,,capacidad_finita_regimen_estacionario
0.25,2.5,10.0,0.25,0,M/M/1/K,11,0.0,0.0,0.0,,,capacidad_finita_regimen_estacionario
0.25,2.5,10.0,0.25,0,M/M/1/K,12,0.0,0.0,0.0,,,capacidad_finita_regimen_estacionario
0.25,2.5,10.0,0.25,0,M/M/1/K,13,0.0,0.0,0.0,,,capacidad_finita_regimen_estacionario
0.25,2.5,10.0,0.25,0,M/M/1/K,14,0.0,0.0,0.0,,,capacidad_finita_regimen_estacionario
0.25,2.5,10.0,0.25,0,M/M/1/K,15,0.0,0.0,0.0,,,capacidad_finita_regimen_estacionario
0.25,2.5,10.0,0.25,0,M/M/1/K,16,0.0,0.0,0.0,,,capacidad_finita_regimen_estacionario
0.25,2.5,10.0,0.25,0,M/M/1/K,17,0.0,0.0,0.0,,,capacidad_finita_regimen_estacionario
0.25,2.5,10.0,0.25,0,M/M/1/K,18,0.0,0.0,0.0,,,capacidad_finita_regimen_estacionario
0.25,2.5,10.0,0.25,0,M/M/1/K,19,0.0,0.0,0.0,,,capacidad_finita_regimen_estacionario
0.25,2.5,10.0,0.25,0,M/M/1/K,20,0.0,0.0,0.0,,,capacidad_finita_regimen_estacionario
0.25,2.5,10.0,0.25,0,M/M/1/K,>20,0.0,0.0,0.0,,,capacidad_finita_regimen_estacionario
0.25,2.5,10.0,0.25,2,M/M/1/K,0,0.94101445287898,0.0014664989678307198,0.0010489972803515485,0.9411764705882353,-0.01721438160837349,capacidad_finita_regimen_estacionario
0.25,2.5,10.0,0.25,2,M/M/1/K,1,0.04700450537109907,0.0009639828473337513,0.0006895438778620219,0.047058823529411764,-0.1154260864144746,capacidad_finita_regimen_estacionario
0.25,2.5,10.0,0.25,2,M/M/1/K,2,0.011981041749920922,0.0006752599642661894,0.0004830183188559065,0.011764705882352941,1.8388548743278368,capacidad_finita_regimen_estacionario
0.25,2.5,10.0,0.25,2,M/M/1/K,3,0.0,0.0,0.0,,,capacidad_finita_regimen_estacionario
0.25,2.5,10.0,0.25,2,M/M/1/K,4,0.0,0.0,0.0,,,capacidad_finita_regimen_estacionario
0.25,2.5,10.0,0.25,2,M/M/1/K,5,0.0,0.0,0.0,,,capacidad_finita_regimen_estacionario
0.25,2.5,10.0,0.25,2,M/M/1/K,6,0.0,0.0,0.0,,,capacidad_finita_regimen_estacionario
0.25,2.5,10.0,0.25,2,M/M/1/K,7,0.0,0.0,0.0,,,capacidad_finita_regimen_estacionario
0.25,2.5,10.0,0.25,2,M/M/1/K,8,0.0,0.0,0.0,,,capacidad_finita_regimen_estacionario
0.25,2.5,10.0,0.25,2,M/M/1/K,9,0.0,0.0,0.0,,,capacidad_finita_regimen_estacionario
0.25,2.5,10.0,0.25,2,M/M/1/K,10,0.0,0.0,0.0,,,capacidad_finita_regimen_estacionario
0.25,2.5,10.0,0.25,2,M/M/1/K,11,0.0,0.0,0.0,,,capacidad_finita_regimen_estacionario
0.25,2.5,10.0,0.25,2,M/M/1/K,12,0.0,0.0,0.0,,,capacidad_finita_regimen_estacionario
0.25,2.5,10.0,0.25,2,M/M/1/K,13,0.0,0.0,0.0,,,capacidad_finita_regimen_estacionario
0.25,2.5,10.0,0.25,2,M/M/1/K,14,0.0,0.0,0.0,,,capacidad_finita_regimen_estacionario
0.25,2.5,10.0,0.25,2,M/M/1/K,15,0.0,0.0,0.0,,,capacidad_finita_regimen_estacionario
0.25,2.5,10.0,0.25,2,M/M/1/K,16,0.0,0.0,0.0,,,capacidad_finita_regimen_estacionario
0.25,2.5,10.0,0.25,2,M/M/1/K,17,0.0,0.0,0.0,,,capacidad_finita_regimen_estacionario
0.25,2.5,10.0,0.25,2,M/M/1/K,18,0.0,0.0,0.0,,,capacidad_finita_regimen_estacionario
0.25,2.5,10.0,0.25,2,M/M/1/K,19,0.0,0.0,0.0,,,capacidad_finita_regimen_estacionario
0.25,2.5,10.0,0.25,2,M/M/1/K,20,0.0,0.0,0.0,,,capacidad_finita_regimen_estacionario
0.25,2.5,10.0,0.25,2,M/M/1/K,>20,0.0,0.0,0.0,,,capacidad_finita_regimen_estacionario
0.25,2.5,10.0,0.25,5,M/M/1/K,0,0.937874626220046,0.0009000865747792815,0.0006438384136206197,0.9375572239516572,0.0338541755404574,capacidad_finita_regimen_estacionario
0.25,2.5,10.0,0.25,5,M/M/1/K,1,0.0464627591874268,0.0007790935530427869,0.0005572912332084551,0.04687786119758286,-0.8854969052586827,capacidad_finita_regimen_estacionario
0.25,2.5,10.0,0.25,5,M/M/1/K,2,0.01168247975212311,0.0005657809836555732,0.00040470721503966926,0.011719465299395715,-0.31559074008702914,capacidad_finita_regimen_estacionario
0.25,2.5,10.0,0.25,5,M/M/1/K,3,0.0030264475696441073,0.0002990410360636059,0.00021390620820432922,0.0029298663248489287,3.296438611415439,capacidad_finita_regimen_estacionario
0.25,2.5,10.0,0.25,5,M/M/1/K,4,0.0007620157062725761,0.00012360129033335,8.841289373658313e-05,0.0007324665812122322,4.034194298863457,capacidad_finita_regimen_estacionario
0.25,2.5,10.0,0.25,5,M/M/1/K,5,0.0001916715644874087,6.424520614579445e-05,4.595505895394688e-05,0.00018311664530305805,4.67184136657389,capacidad_finita_regimen_estacionario
0.25,2.5,10.0,0.25,5,M/M/1/K,6,0.0,0.0,0.0,,,capacidad_finita_regimen_estacionario
0.25,2.5,10.0,0.25,5,M/M/1/K,7,0.0,0.0,0.0,,,capacidad_finita_regimen_estacionario
0.25,2.5,10.0,0.25,5,M/M/1/K,8,0.0,0.0,0.0,,,capacidad_finita_regimen_estacionario
0.25,2.5,10.0,0.25,5,M/M/1/K,9,0.0,0.0,0.0,,,capacidad_finita_regimen_estacionario
0.25,2.5,10.0,0.25,5,M/M/1/K,10,0.0,0.0,0.0,,,capacidad_finita_regimen_estacionario
0.25,2.5,10.0,0.25,5,M/M/1/K,11,0.0,0.0,0.0,,,capacidad_finita_regimen_estacionario
0.25,2.5,10.0,0.25,5,M/M/1/K,12,0.0,0.0,0.0,,,capacidad_finita_regimen_estacionario
0.25,2.5,10.0,0.25,5,M/M/1/K,13,0.0,0.0,0.0,,,capacidad_finita_regimen_estacionario
0.25,2.5,10.0,0.25,5,M/M/1/K,14,0.0,0.0,0.0,,,capacidad_finita_regimen_estacionario
0.25,2.5,10.0,0.25,5,M/M/1/K,15,0.0,0.0,0.0,,,capacidad_finita_regimen_estacionario
0.25,2.5,10.0,0.25,5,M/M/1/K,16,0.0,0.0,0.0,,,capacidad_finita_regimen_estacionario
0.25,2.5,10.0,0.25,5,M/M/1/K,17,0.0,0.0,0.0,,,capacidad_finita_regimen_estacionario
0.25,2.5,10.0,0.25,5,M/M/1/K,18,0.0,0.0,0.0,,,capacidad_finita_regimen_estacionario
0.25,2.5,10.0,0.25,5,M/M/1/K,19,0.0,0.0,0.0,,,capacidad_finita_regimen_estacionario
0.25,2.5,10.0,0.25,5,M/M/1/K,20,0.0,0.0,0.0,,,capacidad_finita_regimen_estacionario
0.25,2.5,10.0,0.25,5,M/M/1/K,>20,0.0,0.0,0.0,,,capacidad_finita_regimen_estacionario
0.25,2.5,10.0,0.25,10,M/M/1/K,0,0.9372564849951047,0.0014078021834740052,0.0010070110474893086,0.9375000558793578,-0.02598089277174719,capacidad_finita_regimen_estacionario
0.25,2.5,10.0,0.25,10,M/M/1/K,1,0.04731339733822346,0.0009123164277611865,0.0006525865155958259,0.04687500279396789,0.9352416386671397,capacidad_finita_regimen_estacionario
0.25,2.5,10.0,0.25,10,M/M/1/K,2,0.011642215297089776,0.0005925973605845645,0.0004238891627153672,0.011718750698491973,-0.6531020530374966,capacidad_finita_regimen_estacionario
0.25,2.5,10.0,0.25,10,M/M/1/K,3,0.002876561696296849,0.000210229715538697,0.0001503788305936462,0.002929687674622993,-1.813366618780645,capacidad_finita_regimen_estacionario
0.25,2.5,10.0,0.25,10,M/M/1/K,4,0.0006701282718099721,0.00013489010014450478,9.648786074990748e-05,0.0007324219186557483,-8.505158742396317,capacidad_finita_regimen_estacionario
0.25,2.5,10.0,0.25,10,M/M/1/K,5,0.00017787240984317294,6.232527650898298e-05,4.458171944832095e-05,0.00018310547966393707,-2.8579536944326582,capacidad_finita_regimen_estacionario
0.25,2.5,10.0,0.25,10,M/M/1/K,6,4.8670441739806165e-05,3.909614528382062e-05,2.796575447688341e-05,4.577636991598427e-05,6.32219599136746,capacidad_finita_regimen_estacionario
0.25,2.5,10.0,0.25,10,M/M/1/K,7,1.1414746571302886e-05,1.342825748665668e-05,9.605329354032772e-06,1.1444092478996067e-05,-0.2564284389263803,capacidad_finita_regimen_estacionario
0.25,2.5,10.0,0.25,10,M/M/1/K,8,3.2548033210582613e-06,6.5607040911444744e-06,4.69291891761921e-06,2.8610231197490167e-06,13.763614791892662,capacidad_finita_regimen_estacionario
0.25,2.5,10.0,0.25,10,M/M/1/K,9,0.0,0.0,0.0,7.152557799372542e-07,-100.0,capacidad_finita_regimen_estacionario
0.25,2.5,10.0,0.25,10,M/M/1/K,10,0.0,0.0,0.0,1.7881394498431355e-07,-100.0,capacidad_finita_regimen_estacionario
0.25,2.5,10.0,0.25,10,M/M/1/K,11,0.0,0.0,0.0,,,capacidad_finita_regimen_estacionario
0.25,2.5,10.0,0.25,10,M/M/1/K,12,0.0,0.0,0.0,,,capacidad_finita_regimen_estacionario
0.25,2.5,10.0,0.25,10,M/M/1/K,13,0.0,0.0,0.0,,,capacidad_finita_regimen_estacionario
0.25,2.5,10.0,0.25,10,M/M/1/K,14,0.0,0.0,0.0,,,capacidad_finita_regimen_estacionario
0.25,2.5,10.0,0.25,10,M/M/1/K,15,0.0,0.0,0.0,,,capacidad_finita_regimen_estacionario
0.25,2.5,10.0,0.25,10,M/M/1/K,16,0.0,0.0,0.0,,,capacidad_finita_regimen_estacionario
0.25,2.5,10.0,0.25,10,M/M/1/K,17,0.0,0.0,0.0,,,capacidad_finita_regimen_estacionario
0.25,2.5,10.0,0.25,10,M/M/1/K,18,0.0,0.0,0.0,,,capacidad_finita_regimen_estacionario
0.25,2.5,10.0,0.25,10,M/M/1/K,19,0.0,0.0,0.0,,,capacidad_finita_regimen_estacionario
0.25,2.5,10.0,0.25,10,M/M/1/K,20,0.0,0.0,0.0,,,capacidad_finita_regimen_estacionario
0.25,2.5,10.0,0.25,10,M/M/1/K,>20,0.0,0.0,0.0,,,capacidad_finita_regimen_estacionario
0.25,2.5,10.0,0.25,50,M/M/1/K,0,0.9374598617476456,0.0013984399551865458,0.0010003141781242365,0.9375,-0.004281413584467468,capacidad_finita_regimen_estacionario
0.25,2.5,10.0,0.25,50,M/M/1/K,1,0.04699494930100303,0.001036184254306965,0.0007411900646060135,0.046875,0.2558918421397956,capacidad_finita_regimen_estacionario
0.25,2.5,10.0,0.25,50,M/M/1/K,2,0.01170784558088458,0.00040809932744005606,0.0002919163899795738,0.01171875,-0.09305104311825296,capacidad_finita_regimen_estacionario
0.25,2.5,10.0,0.25,50,M/M/1/K,3,0.002851402640418258,0.0004180089708688515,0.0002990048293403166,0.0029296875,-2.672123207056787,capacidad_finita_regimen_estacionario
0.25,2.5,10.0,0.25,50,M/M/1/K,4,0.0007496613762828787,0.00014272017182264085,0.00010208876745049136,0.000732421875,2.353766575155699,capacidad_finita_regimen_estacionario
0.25,2.5,10.0,0.25,50,M/M/1/K,5,0.00016162745079823014,6.699315068728254e-05,4.792068348816791e-05,0.00018310546875,-11.729861537393246,capacidad_finita_regimen_estacionario
0.25,2.5,10.0,0.25,50,M/M/1/K,6,4.2367309009244987e-05,3.474635231257621e-05,2.48543162167684e-05,4.57763671875e-05,-7.447201225670685,capacidad_finita_regimen_estacionario
0.25,2.5,10.0,0.25,50,M/M/1/K,7,1.8086783120745622e-05,3.908580173156691e-05,2.7958355659413137e-05,1.1444091796875e-05,58.04472248015801,capacidad_finita_regimen_estacionario
0.25,2.5,10.0,0.25,50,M/M/1/K,8,6.875202688543141e-06,1.7240596396109728e-05,1.2332322850462061e-05,2.86102294921875e-06,140.30575114472708,capacidad_finita_regimen_estacionario
0.25,2.5,10.0,0.25,50,M/M/1/K,9,5.783589206957913e-06,1.5904817213494045e-05,1.1376830374537037e-05,7.152557373046875e-07,708.6043781700133,capacidad_finita_regimen_estacionario
0.25,2.5,10.0,0.25,50,M/M/1/K,10,8.725545940251323e-07,2.759259899962966e-06,1.9737184916848495e-06,1.7881393432617188e-07,387.9678965250651,capacidad_finita_regimen_estacionario
0.25,2.5,10.0,0.25,50,M/M/1/K,11,6.664643478961807e-07,2.1075453186507792e-06,1.5075423549411608e-06,4.470348358154297e-08,1390.8555094604492,capacidad_finita_regimen_estacionario
0.25,2.5,10.0,0.25,50,M/M/1/K,12,0.0,0.0,0.0,1.1175870895385742e-08,-100.0,capacidad_finita_regimen_estacionario
0.25,2.5,10.0,0.25,50,M/M/1/K,13,0.0,0.0,0.0,2.7939677238464355e-09,-100.0,capacidad_finita_regimen_estacionario
0.25,2.5,10.0,0.25,50,M/M/1/K,14,0.0,0.0,0.0,6.984919309616089e-10,-100.0,capacidad_finita_regimen_estacionario
0.25,2.5,10.0,0.25,50,M/M/1/K,15,0.0,0.0,0.0,1.7462298274040222e-10,-100.0,capacidad_finita_regimen_estacionario
0.25,2.5,10.0,0.25,50,M/M/1/K,16,0.0,0.0,0.0,4.3655745685100555e-11,-100.0,capacidad_finita_regimen_estacionario
0.25,2.5,10.0,0.25,50,M/M/1/K,17,0.0,0.0,0.0,1.0913936421275139e-11,-100.0,capacidad_finita_regimen_estacionario
0.25,2.5,10.0,0.25,50,M/M/1/K,18,0.0,0.0,0.0,2.7284841053187847e-12,-100.0,capacidad_finita_regimen_estacionario
0.25,2.5,10.0,0.25,50,M/M/1/K,19,0.0,0.0,0.0,6.821210263296962e-13,0.0,capacidad_finita_regimen_estacionario
0.25,2.5,10.0,0.25,50,M/M/1/K,20,0.0,0.0,0.0,1.7053025658242404e-13,0.0,capacidad_finita_regimen_estacionario
0.25,2.5,10.0,0.25,50,M/M/1/K,>20,0.0,0.0,0.0,,,capacidad_finita_regimen_estacionario
0.5,5.0,10.0,0.5,infinita,M/M/1,0,0.7488740617668579,0.0023376828108198724,0.0016721613616285022,0.75,-0.1501250977522813,capacidad_infinita_regimen_estacionario
0.5,5.0,10.0,0.5,infinita,M/M/1,1,0.12472677443905918,0.0013660519287932529,0.00097714678943335,0.125,-0.2185804487526588,capacidad_infinita_regimen_estacionario
0.5,5.0,10.0,0.5,infinita,M/M/1,2,0.06282735304108432,0.0009883243943598124,0.0007069555618727227,0.0625,0.5237648657349103,capacidad_infinita_regimen_estacionario
0.5,5.0,10.0,0.5,infinita,M/M/1,3,0.031569318993325664,0.0006481117038667207,0.0004635989725419816,0.03125,1.021820778642124,capacidad_infinita_regimen_estacionario
0.5,5.0,10.0,0.5,infinita,M/M/1,4,0.016055787079755256,0.0006270405030258617,0.000448526590726058,0.015625,2.757037310433641,capacidad_infinita_regimen_estacionario
0.5,5.0,10.0,0.5,infinita,M/M/1,5,0.007943355234424252,0.00045771900733938153,0.0003274097046072014,0.0078125,1.6749470006304223,capacidad_infinita_regimen_estacionario
0.5,5.0,10.0,0.5,infinita,M/M/1,6,0.003948965667529751,0.0003105269177275942,0.00022212214213422908,0.00390625,1.0935210887616176,capacidad_infinita_regimen_estacionario
0.5,5.0,10.0,0.5,infinita,M/M/1,7,0.0020627600729120434,0.0002880529918353812,0.0002060463809800112,0.001953125,5.613315733096624,capacidad_infinita_regimen_estacionario
0.5,5.0,10.0,0.5,infinita,M/M/1,8,0.0009894109967403812,0.00018038461110074508,0.00012903041230356708,0.0009765625,1.3156860662150383,capacidad_infinita_regimen_estacionario
0.5,5.0,10.0,0.5,infinita,M/M/1,9,0.00048721316902431577,0.0001569490117309462,0.00011226675918031082,0.00048828125,-0.21874298382013047,capacidad_infinita_regimen_estacionario
0.5,5.0,10.0,0.5,infinita,M/M/1,10,0.0002624941392124141,7.94843173614921e-05,5.68557050306967e-05,0.000244140625,7.517599421404819,capacidad_infinita_regimen_estacionario
0.5,5.0,10.0,0.5,infinita,M/M/1,11,0.00011899834456949136,5.1527932049933256e-05,3.68583011432155e-05,,,capacidad_infinita_regimen_estacionario
0.5,5.0,10.0,0.5,infinita,M/M/1,12,5.4971791094124e-05,4.501738442670091e-05,3.220125950855796e-05,,,capacidad_infinita_regimen_estacionario
0.5,5.0,10.0,0.5,infinita,M/M/1,13,2.6112960567272696e-05,3.7516583488608475e-05,2.6835882541292643e-05,,,capacidad_infinita_regimen_estacionario
0.5,5.0,10.0,0.5,infinita,M/M/1,14,1.7354529176706137e-05,3.534725691761521e-05,2.5284147611310094e-05,,,capacidad_infinita_regimen_estacionario
0.5,5.0,10.0,0.5,infinita,M/M/1,15,9.196266095182182e-06,1.7470278290110134e-05,1.2496615964495967e-05,,,capacidad_infinita_regimen_estacionario
0.5,5.0,10.0,0.5,infinita,M/M/1,16,6.654757218551595e-06,1.412420105818869e-05,1.0103142806227098e-05,,,capacidad_infinita_regimen_estacionario
0.5,5.0,10.0,0.5,infinita,M/M/1,17,5.233600817518892e-06,1.1445280975094e-05,8.1868919645355e-06,,,capacidad_infinita_regimen_estacionario
0.5,5.0,10.0,0.5,infinita,M/M/1,18,4.428526046111756e-06,1.3019746911488205e-05,9.313118795589309e-06,,,capacidad_infinita_regimen_estacionario
0.5,5.0,10.0,0.5,infinita,M/M/1,19,5.109336775803968e-06,1.615714154440162e-05,1.1557319786868574e-05,,,capacidad_infinita_regimen_estacionario
0.5,5.0,10.0,0.5,infinita,M/M/1,20,2.3634862869448626e-06,7.473999885320051e-06,5.346205981069279e-06,,,capacidad_infinita_regimen_estacionario
0.5,5.0,10.0,0.5,infinita,M/M/1,>20,2.0818014268525073e-06,6.583234145042341e-06,4.709034827540372e-06,,,capacidad_infinita_regimen_estacionario
0.5,5.0,10.0,0.5,0,M/M/1/K,0,1.0,0.0,0.0,1.0,0.0,capacidad_finita_regimen_estacionario
0.5,5.0,10.0,0.5,0,M/M/1/K,1,0.0,0.0,0.0,,,capacidad_finita_regimen_estacionario
0.5,5.0,10.0,0.5,0,M/M/1/K,2,0.0,0.0,0.0,,,capacidad_finita_regimen_estacionario
0.5,5.0,10.0,0.5,0,M/M/1/K,3,0.0,0.0,0.0,,,capacidad_finita_regimen_estacionario
0.5,5.0,10.0,0.5,0,M/M/1/K,4,0.0,0.0,0.0,,,capacidad_finita_regimen_estacionario
0.5,5.0,10.0,0.5,0,M/M/1/K,5,0.0,0.0,0.0,,,capacidad_finita_regimen_estacionario
0.5,5.0,10.0,0.5,0,M/M/1/K,6,0.0,0.0,0.0,,,capacidad_finita_regimen_estacionario
0.5,5.0,10.0,0.5,0,M/M/1/K,7,0.0,0.0,0.0,,,capacidad_finita_regimen_estacionario
0.5,5.0,10.0,0.5,0,M/M/1/K,8,0.0,0.0,0.0,,,capacidad_finita_regimen_estacionario
0.5,5.0,10.0,0.5,0,M/M/1/K,9,0.0,0.0,0.0,,,capacidad_finita_regimen_estacionario
0.5,5.0,10.0,0.5,0,M/M/1/K,10,0.0,0.0,0.0,,,capacidad_finita_regimen_estacionario
0.5,5.0,10.0,0.5,0,M/M/1/K,11,0.0,0.0,0.0,,,capacidad_finita_regimen_estacionario
0.5,5.0,10.0,0.5,0,M/M/1/K,12,0.0,0.0,0.0,,,capacidad_finita_regimen_estacionario
0.5,5.0,10.0,0.5,0,M/M/1/K,13,0.0,0.0,0.0,,,capacidad_finita_regimen_estacionario
0.5,5.0,10.0,0.5,0,M/M/1/K,14,0.0,0.0,0.0,,,capacidad_finita_regimen_estacionario
0.5,5.0,10.0,0.5,0,M/M/1/K,15,0.0,0.0,0.0,,,capacidad_finita_regimen_estacionario
0.5,5.0,10.0,0.5,0,M/M/1/K,16,0.0,0.0,0.0,,,capacidad_finita_regimen_estacionario
0.5,5.0,10.0,0.5,0,M/M/1/K,17,0.0,0.0,0.0,,,capacidad_finita_regimen_estacionario
0.5,5.0,10.0,0.5,0,M/M/1/K,18,0.0,0.0,0.0,,,capacidad_finita_regimen_estacionario
0.5,5.0,10.0,0.5,0,M/M/1/K,19,0.0,0.0,0.0,,,capacidad_finita_regimen_estacionario
0.5,5.0,10.0,0.5,0,M/M/1/K,20,0.0,0.0,0.0,,,capacidad_finita_regimen_estacionario
0.5,5.0,10.0,0.5,0,M/M/1/K,>20,0.0,0.0,0.0,,,capacidad_finita_regimen_estacionario
0.5,5.0,10.0,0.5,2,M/M/1/K,0,0.8004479508742813,0.0029185683984747344,0.002087673008763667,0.8,0.055993859285161096,capacidad_finita_regimen_estacionario
0.5,5.0,10.0,0.5,2,M/M/1/K,1,0.13343019419416538,0.001713492762879859,0.001225673721967812,0.13333333333333333,0.07264564562403653,capacidad_finita_regimen_estacionario
0.5,5.0,10.0,0.5,2,M/M/1/K,2,0.06612185493155334,0.0016790356942460159,0.0012010263324512306,0.06666666666666667,-0.8172176026699854,capacidad_finita_regimen_estacionario
0.5,5.0,10.0,0.5,2,M/M/1/K,3,0.0,0.0,0.0,,,capacidad_finita_regimen_estacionario
0.5,5.0,10.0,0.5,2,M/M/1/K,4,0.0,0.0,0.0,,,capacidad_finita_regimen_estacionario
0.5,5.0,10.0,0.5,2,M/M/1/K,5,0.0,0.0,0.0,,,capacidad_finita_regimen_estacionario
0.5,5.0,10.0,0.5,2,M/M/1/K,6,0.0,0.0,0.0,,,capacidad_finita_regimen_estacionario
0.5,5.0,10.0,0.5,2,M/M/1/K,7,0.0,0.0,0.0,,,capacidad_finita_regimen_estacionario
0.5,5.0,10.0,0.5,2,M/M/1/K,8,0.0,0.0,0.0,,,capacidad_finita_regimen_estacionario
0.5,5.0,10.0,0.5,2,M/M/1/K,9,0.0,0.0,0.0,,,capacidad_finita_regimen_estacionario
0.5,5.0,10.0,0.5,2,M/M/1/K,10,0.0,0.0,0.0,,,capacidad_finita_regimen_estacionario
0.5,5.0,10.0,0.5,2,M/M/1/K,11,0.0,0.0,0.0,,,capacidad_finita_regimen_estacionario
0.5,5.0,10.0,0.5,2,M/M/1/K,12,0.0,0.0,0.0,,,capacidad_finita_regimen_estacionario
0.5,5.0,10.0,0.5,2,M/M/1/K,13,0.0,0.0,0.0,,,capacidad_finita_regimen_estacionario
0.5,5.0,10.0,0.5,2,M/M/1/K,14,0.0,0.0,0.0,,,capacidad_finita_regimen_estacionario
0.5,5.0,10.0,0.5,2,M/M/1/K,15,0.0,0.0,0.0,,,capacidad_finita_regimen_estacionario
0.5,5.0,10.0,0.5,2,M/M/1/K,16,0.0,0.0,0.0,,,capacidad_finita_regimen_estacionario
0.5,5.0,10.0,0.5,2,M/M/1/K,17,0.0,0.0,0.0,,,capacidad_finita_regimen_estacionario
0.5,5.0,10.0,0.5,2,M/M/1/K,18,0.0,0.0,0.0,,,capacidad_finita_regimen_estacionario
0.5,5.0,10.0,0.5,2,M/M/1/K,19,0.0,0.0,0.0,,,capacidad_finita_regimen_estacionario
0.5,5.0,10.0,0.5,2,M/M/1/K,20,0.0,0.0,0.0,,,capacidad_finita_regimen_estacionario
0.5,5.0,10.0,0.5,2,M/M/1/K,>20,0.0,0.0,0.0,,,capacidad_finita_regimen_estacionario
0.5,5.0,10.0,0.5,5,M/M/1/K,0,0.7545140450561136,0.0036419106900805473,0.0026050849628819614,0.7559055118110236,-0.18407945611829887,capacidad_finita_regimen_estacionario
0.5,5.0,10.0,0.5,5,M/M/1/K,1,0.12635806376611822,0.0009436859215508779,0.0006750253405750668,0.12598425196850394,0.29671311435633624,capacidad_finita_regimen_estacionario
0.5,5.0,10.0,0.5,5,M/M/1/K,2,0.06330775234828938,0.0014117273406002134,0.0010098187406692334,0.06299212598425197,0.5010568529093895,capacidad_finita_regimen_estacionario
0.5,5.0,10.0,0.5,5,M/M/1/K,3,0.031802840426212106,0.0006795410764668064,0.000486080629265828,0.031496062992125984,0.9740183532234384,capacidad_finita_regimen_estacionario
0.5,5.0,10.0,0.5,5,M/M/1/K,4,0.015787067757789857,0.0010304741266346548,0.0007371055691306613,0.015748031496062992,0.24788026196559346,capacidad_finita_regimen_estacionario
0.5,5.0,10.0,0.5,5,M/M/1/K,5,0.00823023064547674,0.0005580265558398536,0.0003991604169390168,0.007874015748031496,4.523929197554595,capacidad_finita_regimen_estacionario
0.5,5.0,10.0,0.5,5,M/M/1/K,6,0.0,0.0,0.0,,,capacidad_finita_regimen_estacionario
0.5,5.0,10.0,0.5,5,M/M/1/K,7,0.0,0.0,0.0,,,capacidad_finita_regimen_estacionario
0.5,5.0,10.0,0.5,5,M/M/1/K,8,0.0,0.0,0.0,,,capacidad_finita_regimen_estacionario
0.5,5.0,10.0,0.5,5,M/M/1/K,9,0.0,0.0,0.0,,,capacidad_finita_regimen_estacionario
0.5,5.0,10.0,0.5,5,M/M/1/K,10,0.0,0.0,0.0,,,capacidad_finita_regimen_estacionario
0.5,5.0,10.0,0.5,5,M/M/1/K,11,0.0,0.0,0.0,,,capacidad_finita_regimen_estacionario
0.5,5.0,10.0,0.5,5,M/M/1/K,12,0.0,0.0,0.0,,,capacidad_finita_regimen_estacionario
0.5,5.0,10.0,0.5,5,M/M/1/K,13,0.0,0.0,0.0,,,capacidad_finita_regimen_estacionario
0.5,5.0,10.0,0.5,5,M/M/1/K,14,0.0,0.0,0.0,,,capacidad_finita_regimen_estacionario
0.5,5.0,10.0,0.5,5,M/M/1/K,15,0.0,0.0,0.0,,,capacidad_finita_regimen_estacionario
0.5,5.0,10.0,0.5,5,M/M/1/K,16,0.0,0.0,0.0,,,capacidad_finita_regimen_estacionario
0.5,5.0,10.0,0.5,5,M/M/1/K,17,0.0,0.0,0.0,,,capacidad_finita_regimen_estacionario
0.5,5.0,10.0,0.5,5,M/M/1/K,18,0.0,0.0,0.0,,,capacidad_finita_regimen_estacionario
0.5,5.0,10.0,0.5,5,M/M/1/K,19,0.0,0.0,0.0,,,capacidad_finita_regimen_estacionario
0.5,5.0,10.0,0.5,5,M/M/1/K,20,0.0,0.0,0.0,,,capacidad_finita_regimen_estacionario
0.5,5.0,10.0,0.5,5,M/M/1/K,>20,0.0,0.0,0.0,,,capacidad_finita_regimen_estacionario
0.5,5.0,10.0,0.5,10,M/M/1/K,0,0.7503168879845776,0.003047782857045239,0.0021801010421928753,0.7501831501831502,0.01782735341293606,capacidad_finita_regimen_estacionario
0.5,5.0,10.0,0.5,10,M/M/1/K,1,0.12541353384340065,0.001042084889210965,0.000745410831277128,0.12503052503052503,0.30633224389172975,capacidad_finita_regimen_estacionario
0.5,5.0,10.0,0.5,10,M/M/1/K,2,0.0626931961477876,0.0012182557889099403,0.0008714271454479284,0.06251526251526252,0.28462430671492145,capacidad_finita_regimen_estacionario
0.5,5.0,10.0,0.5,10,M/M/1/K,3,0.03086112470639616,0.0012697059572010358,0.0009082298216140247,0.03125763125763126,-1.2685111932091582,capacidad_finita_regimen_estacionario
0.5,5.0,10.0,0.5,10,M/M/1/K,4,0.015456952229323837,0.0007428167279442847,0.0005313421587782095,0.01562881562881563,-1.0996572201857604,capacidad_finita_regimen_estacionario
0.5,5.0,10.0,0.5,10,M/M/1/K,5,0.007706134166141824,0.00026046238479436254,0.00018631062092551264,0.007814407814407814,-1.385564342653844,capacidad_finita_regimen_estacionario
0.5,5.0,10.0,0.5,10,M/M/1/K,6,0.0038116590066038076,0.00027558302302896077,0.00019712652242507927,0.003907203907203907,-2.4453522997337998,capacidad_finita_regimen_estacionario
0.5,5.0,10.0,0.5,10,M/M/1/K,7,0.0019723209094949256,0.00020270494335762547,0.00014499630682352367,0.0019536019536019536,0.958176554771505,capacidad_finita_regimen_estacionario
0.5,5.0,10.0,0.5,10,M/M/1/K,8,0.0009932264722240971,0.0001230620940789666,8.802720276998084e-05,0.0009768009768009768,1.681560093941942,capacidad_finita_regimen_estacionario
0.5,5.0,10.0,0.5,10,M/M/1/K,9,0.0005052989637280197,0.00010602500323027278,7.584044890419491e-05,0.0004884004884004884,3.459962823312044,capacidad_finita_regimen_estacionario
0.5,5.0,10.0,0.5,10,M/M/1/K,10,0.00026966557032149325,0.00011200276674063209,8.011638622328308e-05,0.0002442002442002442,10.428051046651486,capacidad_finita_regimen_estacionario
0.5,5.0,10.0,0.5,10,M/M/1/K,11,0.0,0.0,0.0,,,capacidad_finita_regimen_estacionario
0.5,5.0,10.0,0.5,10,M/M/1/K,12,0.0,0.0,0.0,,,capacidad_finita_regimen_estacionario
0.5,5.0,10.0,0.5,10,M/M/1/K,13,0.0,0.0,0.0,,,capacidad_finita_regimen_estacionario
0.5,5.0,10.0,0.5,10,M/M/1/K,14,0.0,0.0,0.0,,,capacidad_finita_regimen_estacionario
0.5,5.0,10.0,0.5,10,M/M/1/K,15,0.0,0.0,0.0,,,capacidad_finita_regimen_estacionario
0.5,5.0,10.0,0.5,10,M/M/1/K,16,0.0,0.0,0.0,,,capacidad_finita_regimen_estacionario
0.5,5.0,10.0,0.5,10,M/M/1/K,17,0.0,0.0,0.0,,,capacidad_finita_regimen_estacionario
0.5,5.0,10.0,0.5,10,M/M/1/K,18,0.0,0.0,0.0,,,capacidad_finita_regimen_estacionario
0.5,5.0,10.0,0.5,10,M/M/1/K,19,0.0,0.0,0.0,,,capacidad_finita_regimen_estacionario
0.5,5.0,10.0,0.5,10,M/M/1/K,20,0.0,0.0,0.0,,,capacidad_finita_regimen_estacionario
0.5,5.0,10.0,0.5,10,M/M/1/K,>20,0.0,0.0,0.0,,,capacidad_finita_regimen_estacionario
0.5,5.0,10.0,0.5,50,M/M/1/K,0,0.7509247795966193,0.0033171178987658765,0.0023727583385605958,0.7500000000000002,0.12330394621587652,capacidad_finita_regimen_estacionario
0.5,5.0,10.0,0.5,50,M/M/1/K,1,0.12486209359021969,0.0015696766599821719,0.0011228010271212604,0.12500000000000003,-0.11032512782427337,capacidad_finita_regimen_estacionario
0.5,5.0,10.0,0.5,50,M/M/1/K,2,0.06249237688093778,0.0013079069901507903,0.0009355552957875177,0.06250000000000001,-0.012196990499568901,capacidad_finita_regimen_estacionario
0.5,5.0,10.0,0.5,50,M/M/1/K,3,0.031117952242789192,0.0009923559680202626,0.0007098393755665059,0.03125000000000001,-0.4225528230746066,capacidad_finita_regimen_estacionario
0.5,5.0,10.0,0.5,50,M/M/1/K,4,0.01535533932744225,0.0005023202664200603,0.0003593133066568466,0.015625000000000003,-1.725828304369625,capacidad_finita_regimen_estacionario
0.5,5.0,10.0,0.5,50,M/M/1/K,5,0.007581532973628379,0.00042357231046911866,0.0003029843262498746,0.007812500000000002,-2.956377937556775,capacidad_finita_regimen_estacionario
0.5,5.0,10.0,0.5,50,M/M/1/K,6,0.0038080412519428683,0.0002491162880765435,0.00017819467617500011,0.003906250000000001,-2.5141439502625924,capacidad_finita_regimen_estacionario
0.5,5.0,10.0,0.5,50,M/M/1/K,7,0.001995305953166162,0.00017588746054299318,0.0001258135680998569,0.0019531250000000004,2.1596648021074745,capacidad_finita_regimen_estacionario
0.5,5.0,10.0,0.5,50,M/M/1/K,8,0.0009771674678448585,0.00017210160952503559,0.0001231055215831054,0.0009765625000000002,0.061948707313486104,capacidad_finita_regimen_estacionario
0.5,5.0,10.0,0.5,50,M/M/1/K,9,0.0004882400642026798,0.0001239652343896601,8.867322554290833e-05,0.0004882812500000001,-0.008434851291194699,capacidad_finita_regimen_estacionario
0.5,5.0,10.0,0.5,50,M/M/1/K,10,0.00022620113807628948,8.58927772339205e-05,6.143972256148531e-05,0.00024414062500000005,-7.348013843951849,capacidad_finita_regimen_estacionario
0.5,5.0,10.0,0.5,50,M/M/1/K,11,8.774155325047843e-05,3.890084488322921e-05,2.78260546928631e-05,0.00012207031250000003,-28.122119577208085,capacidad_finita_regimen_estacionario
0.5,5.0,10.0,0.5,50,M/M/1/K,12,3.9345537973464384e-05,2.9884750621375546e-05,2.1376777490801385e-05,6.103515625000001e-05,-35.53627058427597,capacidad_finita_regimen_estacionario
0.5,5.0,10.0,0.5,50,M/M/1/K,13,2.618348535528412e-05,3.068483439893559e-05,2.194908318287792e-05,3.051757812500001e-05,-14.201955187805012,capacidad_finita_regimen_estacionario
0.5,5.0,10.0,0.5,50,M/M/1/K,14,1.505635320029114e-05,1.777758514896466e-05,1.2716434775312193e-05,1.5258789062500003e-05,-1.3266836665720037,capacidad_finita_regimen_estacionario
0.5,5.0,10.0,0.5,50,M/M/1/K,15,2.6143695836617553e-06,6.733334637586804e-06,4.816402791591162e-06,7.629394531250002e-06,-65.73293499302865,capacidad_finita_regimen_estacionario
0.5,5.0,10.0,0.5,50,M/M/1/K,16,2.821376736392267e-08,8.921976624412037e-08,6.381954177719308e-08,3.814697265625001e-06,-99.26039301681517,capacidad_finita_regimen_estacionario
0.5,5.0,10.0,0.5,50,M/M/1/K,17,0.0,0.0,0.0,1.9073486328125004e-06,-100.0,capacidad_finita_regimen_estacionario
0.5,5.0,10.0,0.5,50,M/M/1/K,18,0.0,0.0,0.0,9.536743164062502e-07,-100.0,capacidad_finita_regimen_estacionario
0.5,5.0,10.0,0.5,50,M/M/1/K,19,0.0,0.0,0.0,4.768371582031251e-07,-100.0,capacidad_finita_regimen_estacionario
0.5,5.0,10.0,0.5,50,M/M/1/K,20,0.0,0.0,0.0,2.3841857910156255e-07,-100.0,capacidad_finita_regimen_estacionario
0.5,5.0,10.0,0.5,50,M/M/1/K,>20,0.0,0.0,0.0,,,capacidad_finita_regimen_estacionario
0.75,7.5,10.0,0.75,infinita,M/M/1,0,0.4372444724303598,0.008679191365971596,0.006208288132669034,0.4375,-0.05840630163204606,capacidad_infinita_regimen_estacionario
0.75,7.5,10.0,0.75,infinita,M/M/1,1,0.14023197879567426,0.0020944347365627015,0.0014981642610891323,0.140625,-0.27948174529830694,capacidad_infinita_regimen_estacionario
0.75,7.5,10.0,0.75,infinita,M/M/1,2,0.10489786058323827,0.001685347084326919,0.0012055409152605854,0.10546875,-0.5412877433000082,capacidad_infinita_regimen_estacionario
0.75,7.5,10.0,0.75,infinita,M/M/1,3,0.07863542386521867,0.0015127125889248443,0.0010820542165692693,0.0791015625,-0.5892913111309648,capacidad_infinita_regimen_estacionario
0.75,7.5,10.0,0.75,infinita,M/M/1,4,0.05878787748646462,0.0016052281749312346,0.0011482312819744976,0.059326171875,-0.9073472491526391,capacidad_infinita_regimen_estacionario
0.75,7.5,10.0,0.75,infinita,M/M/1,5,0.04444985404875085,0.0015373022570441418,0.0010996433833861039,0.04449462890625,-0.10062980319151078,capacidad_infinita_regimen_estacionario
0.75,7.5,10.0,0.75,infinita,M/M/1,6,0.03329596130055602,0.0013227569329474008,0.0009461775668894626,0.0333709716796875,-0.22477732998447408,capacidad_infinita_regimen_estacionario
0.75,7.5,10.0,0.75,infinita,M/M/1,7,0.02522129777394163,0.001485834509039106,0.0010628281323239335,0.025028228759765625,0.7714050244193655,capacidad_infinita_regimen_estacionario
0.75,7.5,10.0,0.75,infinita,M/M/1,8,0.01894640761053387,0.0012758805547445858,0.000912646555735584,0.01877117156982422,0.9335381121940843,capacidad_infinita_regimen_estacionario
0.75,7.5,10.0,0.75,infinita,M/M/1,9,0.014358701371251364,0.001214215357958721,0.0008685369960702259,0.014078378677368164,1.9911575068927214,capacidad_infinita_regimen_estacionario
0.75,7.5,10.0,0.75,infinita,M/M/1,10,0.01091851154175268,0.0010055883579954898,0.0007193045994780488,0.010558784008026123,3.4069030435049568,capacidad_infinita_regimen_estacionario
0.75,7.5,10.0,0.75,infinita,M/M/1,11,0.008233370490624305,0.0010612657438724075,0.0007591310348477,,,capacidad_infinita_regimen_estacionario
0.75,7.5,10.0,0.75,infinita,M/M/1,12,0.0064253405989173045,0.0010666188855907028,0.0007629601756974443,,,capacidad_infinita_regimen_estacionario
0.75,7.5,10.0,0.75,infinita,M/M/1,13,0.004799783964523604,0.0008290544864749367,0.0005930286489474339,,,capacidad_infinita_regimen_estacionario
0.75,7.5,10.0,0.75,infinita,M/M/1,14,0.0035431856196297138,0.0005703467029704534,0.0004079731069695099,,,capacidad_infinita_regimen_estacionario
0.75,7.5,10.0,0.75,infinita,M/M/1,15,0.0025249597095252305,0.0004507778044987554,0.00032244461219192613,,,capacidad_infinita_regimen_estacionario
0.75,7.5,10.0,0.75,infinita,M/M/1,16,0.0019103972301384529,0.0004255330052904626,0.0003043868253857803,,,capacidad_infinita_regimen_estacionario
0.75,7.5,10.0,0.75,infinita,M/M/1,17,0.001378931728892297,0.00032491779538461525,0.0002324160406334672,,,capacidad_infinita_regimen_estacionario
0.75,7.5,10.0,0.75,infinita,M/M/1,18,0.0009821398948388143,0.00014797501811454662,0.00010584759687335042,,,capacidad_infinita_regimen_estacionario
0.75,7.5,10.0,0.75,infinita,M/M/1,19,0.0007706141964340333,0.00016693538997353705,0.00011941008750636862,,,capacidad_infinita_regimen_estacionario
0.75,7.5,10.0,0.75,infinita,M/M/1,20,0.0005434229128946021,0.0001248630562485604,8.931544398893952e-05,,,capacidad_infinita_regimen_estacionario
0.75,7.5,10.0,0.75,infinita,M/M/1,>20,0.0018995068458396041,0.0007509584821803446,0.0005371660142586885,,,capacidad_infinita_regimen_estacionario
0.75,7.5,10.0,0.75,0,M/M/1/K,0,1.0,0.0,0.0,1.0,0.0,capacidad_finita_regimen_estacionario
0.75,7.5,10.0,0.75,0,M/M/1/K,1,0.0,0.0,0.0,,,capacidad_finita_regimen_estacionario
0.75,7.5,10.0,0.75,0,M/M/1/K,2,0.0,0.0,0.0,,,capacidad_finita_regimen_estacionario
0.75,7.5,10.0,0.75,0,M/M/1/K,3,0.0,0.0,0.0,,,capacidad_finita_regimen_estacionario
0.75,7.5,10.0,0.75,0,M/M/1/K,4,0.0,0.0,0.0,,,capacidad_finita_regimen_estacionario
0.75,7.5,10.0,0.75,0,M/M/1/K,5,0.0,0.0,0.0,,,capacidad_finita_regimen_estacionario
0.75,7.5,10.0,0.75,0,M/M/1/K,6,0.0,0.0,0.0,,,capacidad_finita_regimen_estacionario
0.75,7.5,10.0,0.75,0,M/M/1/K,7,0.0,0.0,0.0,,,capacidad_finita_regimen_estacionario
0.75,7.5,10.0,0.75,0,M/M/1/K,8,0.0,0.0,0.0,,,capacidad_finita_regimen_estacionario
0.75,7.5,10.0,0.75,0,M/M/1/K,9,0.0,0.0,0.0,,,capacidad_finita_regimen_estacionario
0.75,7.5,10.0,0.75,0,M/M/1/K,10,0.0,0.0,0.0,,,capacidad_finita_regimen_estacionario
0.75,7.5,10.0,0.75,0,M/M/1/K,11,0.0,0.0,0.0,,,capacidad_finita_regimen_estacionario
0.75,7.5,10.0,0.75,0,M/M/1/K,12,0.0,0.0,0.0,,,capacidad_finita_regimen_estacionario
0.75,7.5,10.0,0.75,0,M/M/1/K,13,0.0,0.0,0.0,,,capacidad_finita_regimen_estacionario
0.75,7.5,10.0,0.75,0,M/M/1/K,14,0.0,0.0,0.0,,,capacidad_finita_regimen_estacionario
0.75,7.5,10.0,0.75,0,M/M/1/K,15,0.0,0.0,0.0,,,capacidad_finita_regimen_estacionario
0.75,7.5,10.0,0.75,0,M/M/1/K,16,0.0,0.0,0.0,,,capacidad_finita_regimen_estacionario
0.75,7.5,10.0,0.75,0,M/M/1/K,17,0.0,0.0,0.0,,,capacidad_finita_regimen_estacionario
0.75,7.5,10.0,0.75,0,M/M/1/K,18,0.0,0.0,0.0,,,capacidad_finita_regimen_estacionario
0.75,7.5,10.0,0.75,0,M/M/1/K,19,0.0,0.0,0.0,,,capacidad_finita_regimen_estacionario
0.75,7.5,10.0,0.75,0,M/M/1/K,20,0.0,0.0,0.0,,,capacidad_finita_regimen_estacionario
0.75,7.5,10.0,0.75,0,M/M/1/K,>20,0.0,0.0,0.0,,,capacidad_finita_regimen_estacionario
0.75,7.5,10.0,0.75,2,M/M/1/K,0,0.6391259805935807,0.0022475188378147243,0.0016076664219505027,0.64,-0.13656553225301418,capacidad_finita_regimen_estacionario
0.75,7.5,10.0,0.75,2,M/M/1/K,1,0.2061951978377074,0.0016591302451377803,0.0011867878212509107,0.2057142857142857,0.2337767266633213,capacidad_finita_regimen_estacionario
0.75,7.5,10.0,0.75,2,M/M/1/K,2,0.15467882156871182,0.0009661575184905648,0.0006910994358127585,0.15428571428571428,0.25479175749840927,capacidad_finita_regimen_estacionario
0.75,7.5,10.0,0.75,2,M/M/1/K,3,0.0,0.0,0.0,,,capacidad_finita_regimen_estacionario
0.75,7.5,10.0,0.75,2,M/M/1/K,4,0.0,0.0,0.0,,,capacidad_finita_regimen_estacionario
0.75,7.5,10.0,0.75,2,M/M/1/K,5,0.0,0.0,0.0,,,capacidad_finita_regimen_estacionario
0.75,7.5,10.0,0.75,2,M/M/1/K,6,0.0,0.0,0.0,,,capacidad_finita_regimen_estacionario
0.75,7.5,10.0,0.75,2,M/M/1/K,7,0.0,0.0,0.0,,,capacidad_finita_regimen_estacionario
0.75,7.5,10.0,0.75,2,M/M/1/K,8,0.0,0.0,0.0,,,capacidad_finita_regimen_estacionario
0.75,7.5,10.0,0.75,2,M/M/1/K,9,0.0,0.0,0.0,,,capacidad_finita_regimen_estacionario
0.75,7.5,10.0,0.75,2,M/M/1/K,10,0.0,0.0,0.0,,,capacidad_finita_regimen_estacionario
0.75,7.5,10.0,0.75,2,M/M/1/K,11,0.0,0.0,0.0,,,capacidad_finita_regimen_estacionario
0.75,7.5,10.0,0.75,2,M/M/1/K,12,0.0,0.0,0.0,,,capacidad_finita_regimen_estacionario
0.75,7.5,10.0,0.75,2,M/M/1/K,13,0.0,0.0,0.0,,,capacidad_finita_regimen_estacionario
0.75,7.5,10.0,0.75,2,M/M/1/K,14,0.0,0.0,0.0,,,capacidad_finita_regimen_estacionario
0.75,7.5,10.0,0.75,2,M/M/1/K,15,0.0,0.0,0.0,,,capacidad_finita_regimen_estacionario
0.75,7.5,10.0,0.75,2,M/M/1/K,16,0.0,0.0,0.0,,,capacidad_finita_regimen_estacionario
0.75,7.5,10.0,0.75,2,M/M/1/K,17,0.0,0.0,0.0,,,capacidad_finita_regimen_estacionario
0.75,7.5,10.0,0.75,2,M/M/1/K,18,0.0,0.0,0.0,,,capacidad_finita_regimen_estacionario
0.75,7.5,10.0,0.75,2,M/M/1/K,19,0.0,0.0,0.0,,,capacidad_finita_regimen_estacionario
0.75,7.5,10.0,0.75,2,M/M/1/K,20,0.0,0.0,0.0,,,capacidad_finita_regimen_estacionario
0.75,7.5,10.0,0.75,2,M/M/1/K,>20,0.0,0.0,0.0,,,capacidad_finita_regimen_estacionario
0.75,7.5,10.0,0.75,5,M/M/1/K,0,0.5044720184987503,0.004352154015735222,0.003113127132254694,0.504895400436712,-0.08385537630080345,capacidad_finita_regimen_estacionario
0.75,7.5,10.0,0.75,5,M/M/1/K,1,0.16258273361082703,0.0016284630658013417,0.0011648513668614724,0.16228780728322886,0.18173042851177273,capacidad_finita_regimen_estacionario
0.75,7.5,10.0,0.75,5,M/M/1/K,2,0.12144070542083148,0.0012860179663173475,0.0009198979192911695,0.12171585546242164,-0.22605932525784453,capacidad_finita_regimen_estacionario
0.75,7.5,10.0,0.75,5,M/M/1/K,3,0.09090198131693639,0.0013454400360989503,0.000962402954044768,0.09128689159681623,-0.421649015698622,capacidad_finita_regimen_estacionario
0.75,7.5,10.0,0.75,5,M/M/1/K,4,0.06879133233046665,0.0012919473062385834,0.0009241392188679819,0.06846516869761217,0.47639352835751786,capacidad_finita_regimen_estacionario
0.75,7.5,10.0,0.75,5,M/M/1/K,5,0.05181122882218818,0.001568887894691647,0.0011222368176245295,0.05134887652320913,0.9004136609884169,capacidad_finita_regimen_estacionario
0.75,7.5,10.0,0.75,5,M/M/1/K,6,0.0,0.0,0.0,,,capacidad_finita_regimen_estacionario
0.75,7.5,10.0,0.75,5,M/M/1/K,7,0.0,0.0,0.0,,,capacidad_finita_regimen_estacionario
0.75,7.5,10.0,0.75,5,M/M/1/K,8,0.0,0.0,0.0,,,capacidad_finita_regimen_estacionario
0.75,7.5,10.0,0.75,5,M/M/1/K,9,0.0,0.0,0.0,,,capacidad_finita_regimen_estacionario
0.75,7.5,10.0,0.75,5,M/M/1/K,10,0.0,0.0,0.0,,,capacidad_finita_regimen_estacionario
0.75,7.5,10.0,0.75,5,M/M/1/K,11,0.0,0.0,0.0,,,capacidad_finita_regimen_estacionario
0.75,7.5,10.0,0.75,5,M/M/1/K,12,0.0,0.0,0.0,,,capacidad_finita_regimen_estacionario
0.75,7.5,10.0,0.75,5,M/M/1/K,13,0.0,0.0,0.0,,,capacidad_finita_regimen_estacionario
0.75,7.5,10.0,0.75,5,M/M/1/K,14,0.0,0.0,0.0,,,capacidad_finita_regimen_estacionario
0.75,7.5,10.0,0.75,5,M/M/1/K,15,0.0,0.0,0.0,,,capacidad_finita_regimen_estacionario
0.75,7.5,10.0,0.75,5,M/M/1/K,16,0.0,0.0,0.0,,,capacidad_finita_regimen_estacionario
0.75,7.5,10.0,0.75,5,M/M/1/K,17,0.0,0.0,0.0,,,capacidad_finita_regimen_estacionario
0.75,7.5,10.0,0.75,5,M/M/1/K,18,0.0,0.0,0.0,,,capacidad_finita_regimen_estacionario
0.75,7.5,10.0,0.75,5,M/M/1/K,19,0.0,0.0,0.0,,,capacidad_finita_regimen_estacionario
0.75,7.5,10.0,0.75,5,M/M/1/K,20,0.0,0.0,0.0,,,capacidad_finita_regimen_estacionario
0.75,7.5,10.0,0.75,5,M/M/1/K,>20,0.0,0.0,0.0,,,capacidad_finita_regimen_estacionario
0.75,7.5,10.0,0.75,10,M/M/1/K,0,0.45296871648274467,0.0055734324132313134,0.003986716371407421,0.4518117479775511,0.2560731345239556,capacidad_finita_regimen_estacionario
0.75,7.5,10.0,0.75,10,M/M/1/K,1,0.14469886642727497,0.0019046100032758084,0.0013623812613534011,0.14522520470706998,-0.362429015580781,capacidad_finita_regimen_estacionario
0.75,7.5,10.0,0.75,10,M/M/1/K,2,0.10811571138704386,0.001283345450698317,0.0009179862496087782,0.1089189035303025,-0.7374221711983889,capacidad_finita_regimen_estacionario
0.75,7.5,10.0,0.75,10,M/M/1/K,3,0.0809296764783192,0.0011773751815038706,0.0008421849523548633,0.08168917764772687,-0.9297451526356654,capacidad_finita_regimen_estacionario
0.75,7.5,10.0,0.75,10,M/M/1/K,4,0.06060639343665204,0.001335643019620053,0.0009553950775529594,0.06126688323579515,-1.0780535327725227,capacidad_finita_regimen_estacionario
0.75,7.5,10.0,0.75,10,M/M/1/K,5,0.04582427938856819,0.0014938749121824447,0.001068579490637379,0.04595016242684636,-0.2739555893378637,capacidad_finita_regimen_estacionario
0.75,7.5,10.0,0.75,10,M/M/1/K,6,0.03448165730817132,0.0011906753105830918,0.0008516986305356706,0.03446262182013477,0.055235170834935655,capacidad_finita_regimen_estacionario
0.75,7.5,10.0,0.75,10,M/M/1/K,7,0.026129207710747244,0.0010088774374563498,0.00072165730171991,0.02584696636510108,1.091970878359054,capacidad_finita_regimen_estacionario
0.75,7.5,10.0,0.75,10,M/M/1/K,8,0.01981571442760601,0.0012239522167516467,0.0008755018413357189,0.01938522477382581,2.220710148078632,capacidad_finita_regimen_estacionario
0.75,7.5,10.0,0.75,10,M/M/1/K,9,0.015013541014555121,0.0010792979581332146,0.0007720296076617566,0.014538918580369356,3.264496128526411,capacidad_finita_regimen_estacionario
0.75,7.5,10.0,0.75,10,M/M/1/K,10,0.01141623593831736,0.0011552319923193463,0.0008263457695511854,0.010904188935277018,4.695874274369713,capacidad_finita_regimen_estacionario
0.75,7.5,10.0,0.75,10,M/M/1/K,11,0.0,0.0,0.0,,,capacidad_finita_regimen_estacionario
0.75,7.5,10.0,0.75,10,M/M/1/K,12,0.0,0.0,0.0,,,capacidad_finita_regimen_estacionario
0.75,7.5,10.0,0.75,10,M/M/1/K,13,0.0,0.0,0.0,,,capacidad_finita_regimen_estacionario
0.75,7.5,10.0,0.75,10,M/M/1/K,14,0.0,0.0,0.0,,,capacidad_finita_regimen_estacionario
0.75,7.5,10.0,0.75,10,M/M/1/K,15,0.0,0.0,0.0,,,capacidad_finita_regimen_estacionario
0.75,7.5,10.0,0.75,10,M/M/1/K,16,0.0,0.0,0.0,,,capacidad_finita_regimen_estacionario
0.75,7.5,10.0,0.75,10,M/M/1/K,17,0.0,0.0,0.0,,,capacidad_finita_regimen_estacionario
0.75,7.5,10.0,0.75,10,M/M/1/K,18,0.0,0.0,0.0,,,capacidad_finita_regimen_estacionario
0.75,7.5,10.0,0.75,10,M/M/1/K,19,0.0,0.0,0.0,,,capacidad_finita_regimen_estacionario
0.75,7.5,10.0,0.75,10,M/M/1/K,20,0.0,0.0,0.0,,,capacidad_finita_regimen_estacionario
0.75,7.5,10.0,0.75,10,M/M/1/K,>20,0.0,0.0,0.0,,,capacidad_finita_regimen_estacionario
0.75,7.5,10.0,0.75,50,M/M/1/K,0,0.43636190028733407,0.007554543925552117,0.005403819713506434,0.4375001393682646,-0.2601688499057633,capacidad_finita_regimen_estacionario
0.75,7.5,10.0,0.75,50,M/M/1/K,1,0.1401484339430113,0.001223112770466947,0.0008749013793586103,0.14062504479694218,-0.33892316594038896,capacidad_finita_regimen_estacionario
0.75,7.5,10.0,0.75,50,M/M/1/K,2,0.10566133242585499,0.0010155030730441676,0.0007263966666050433,0.10546878359770664,0.18256475667984204,capacidad_finita_regimen_estacionario
0.75,7.5,10.0,0.75,50,M/M/1/K,3,0.07900731013304765,0.0014533159479494305,0.0010395673712239961,0.07910158769827998,-0.11918542721535413,capacidad_finita_regimen_estacionario
0.75,7.5,10.0,0.75,50,M/M/1/K,4,0.05965602398846319,0.0009521782444728371,0.0006810999603630233,0.059326190773709986,0.5559656038111356,capacidad_finita_regimen_estacionario
0.75,7.5,10.0,0.75,50,M/M/1/K,5,0.044479238048806664,0.0010638435457468686,0.0007609749551060245,0.04449464308028249,-0.03462221609021433,capacidad_finita_regimen_estacionario
0.75,7.5,10.0,0.75,50,M/M/1/K,6,0.03323710361060482,0.0011561192050842143,0.0008269803992357984,0.033370982310211864,-0.4011829749646736,capacidad_finita_regimen_estacionario
0.75,7.5,10.0,0.75,50,M/M/1/K,7,0.0249110904297514,0.0010402310025841412,0.0007440847328125002,0.0250282367326589,-0.46805655611622676,capacidad_finita_regimen_estacionario
0.75,7.5,10.0,0.75,50,M/M/1/K,8,0.018972595849067707,0.0011685170816842841,0.0008358486897159786,0.018771177549494176,1.073018989045568,capacidad_finita_regimen_estacionario
0.75,7.5,10.0,0.75,50,M/M/1/K,9,0.014384524772274188,0.0009841452205132085,0.000703966168702069,0.014078383162120631,2.174550917020524,capacidad_finita_regimen_estacionario
0.75,7.5,10.0,0.75,50,M/M/1/K,10,0.010779347486849536,0.0009278080778879571,0.000663667804575646,0.010558787371590474,2.0888773255582618,capacidad_finita_regimen_estacionario
0.75,7.5,10.0,0.75,50,M/M/1/K,11,0.008003430778963325,0.0008653629023934502,0.0006190003205189001,0.007919090528692855,1.065024449018278,capacidad_finita_regimen_estacionario
0.75,7.5,10.0,0.75,50,M/M/1/K,12,0.006134805575462562,0.000712310024829178,0.0005095204941863985,0.005939317896519641,3.2914163267380308,capacidad_finita_regimen_estacionario
0.75,7.5,10.0,0.75,50,M/M/1/K,13,0.004573524214167532,0.0005752339243787024,0.00041146897166371586,0.004454488422389731,2.672266273709169,capacidad_finita_regimen_estacionario
0.75,7.5,10.0,0.75,50,M/M/1/K,14,0.0033980968441460445,0.0004914336590547242,0.00035152603795158085,0.003340866316792298,1.7130445198027457,capacidad_finita_regimen_estacionario
0.75,7.5,10.0,0.75,50,M/M/1/K,15,0.0026018719730610713,0.0003014001172742153,0.00021559367599553972,0.0025056497375942235,3.8402109450155915,capacidad_finita_regimen_estacionario
0.75,7.5,10.0,0.75,50,M/M/1/K,16,0.002027198207821389,0.00021710415407769128,0.00015529616602281184,0.0018792373031956678,7.873455064675005,capacidad_finita_regimen_estacionario
0.75,7.5,10.0,0.75,50,M/M/1/K,17,0.0014862432877036462,0.00024315469251376195,0.00017393030390533233,0.0014094279773967508,5.450105400119507,capacidad_finita_regimen_estacionario
0.75,7.5,10.0,0.75,50,M/M/1/K,18,0.0011494215108238373,0.0001982528626702125,0.0001418117014228733,0.001057070983047563,8.736454718492533,capacidad_finita_regimen_estacionario
0.75,7.5,10.0,0.75,50,M/M/1/K,19,0.0007836617246716549,0.0001887015292271594,0.00013497956377717533,0.0007928032372856724,-1.1530619684797652,capacidad_finita_regimen_estacionario
0.75,7.5,10.0,0.75,50,M/M/1/K,20,0.0005404380301293491,0.00016710218943916417,0.00011952940036621043,0.0005946024279642543,-9.109346899296787,capacidad_finita_regimen_estacionario
0.75,7.5,10.0,0.75,50,M/M/1/K,>20,0.0017024068779840132,0.0008979418798703941,0.0006423042978960552,,,capacidad_finita_regimen_estacionario
1.0,10.0,10.0,1.0,infinita,M/M/1,0,0.010373120363273314,0.005750319424459982,0.004113244925316234,,,capacidad_infinita_sin_regimen_estacionario
1.0,10.0,10.0,1.0,infinita,M/M/1,1,0.0050252159889298985,0.0028988412204846705,0.002073562016178927,,,capacidad_infinita_sin_regimen_estacionario
1.0,10.0,10.0,1.0,infinita,M/M/1,2,0.004926678882474492,0.002851133393062528,0.002039436263406433,,,capacidad_infinita_sin_regimen_estacionario
1.0,10.0,10.0,1.0,infinita,M/M/1,3,0.00485762666883709,0.0028999757808325045,0.002074373575372203,,,capacidad_infinita_sin_regimen_estacionario
1.0,10.0,10.0,1.0,infinita,M/M/1,4,0.004912952001110414,0.0030136893733869736,0.0021557137276295834,,,capacidad_infinita_sin_regimen_estacionario
1.0,10.0,10.0,1.0,infinita,M/M/1,5,0.005044371476202683,0.0030618614275304684,0.002190171545121417,,,capacidad_infinita_sin_regimen_estacionario
1.0,10.0,10.0,1.0,infinita,M/M/1,6,0.005022707850942294,0.0030841158959809,0.002206090326785958,,,capacidad_infinita_sin_regimen_estacionario
1.0,10.0,10.0,1.0,infinita,M/M/1,7,0.005146859288743183,0.0032908129779198113,0.0023539422391069408,,,capacidad_infinita_sin_regimen_estacionario
1.0,10.0,10.0,1.0,infinita,M/M/1,8,0.004981139146571306,0.003290474936965262,0.002353700435975982,,,capacidad_infinita_sin_regimen_estacionario
1.0,10.0,10.0,1.0,infinita,M/M/1,9,0.005146691577498387,0.0035363149989307125,0.00252955160400284,,,capacidad_infinita_sin_regimen_estacionario
1.0,10.0,10.0,1.0,infinita,M/M/1,10,0.005147850115287263,0.0036998660412688616,0.002646540843255536,,,capacidad_infinita_sin_regimen_estacionario
1.0,10.0,10.0,1.0,infinita,M/M/1,11,0.005279887839889413,0.0036562490360461924,0.0026153412850837762,,,capacidad_infinita_sin_regimen_estacionario
1.0,10.0,10.0,1.0,infinita,M/M/1,12,0.0052743370014241165,0.0037062299649996237,0.0026510930037632304,,,capacidad_infinita_sin_regimen_estacionario
1.0,10.0,10.0,1.0,infinita,M/M/1,13,0.005175971335776064,0.003707073779783799,0.0026516965905594965,,,capacidad_infinita_sin_regimen_estacionario
1.0,10.0,10.0,1.0,infinita,M/M/1,14,0.005115061216581293,0.003638467598719757,0.002602622094818158,,,capacidad_infinita_sin_regimen_estacionario
1.0,10.0,10.0,1.0,infinita,M/M/1,15,0.0051978028579757075,0.0035752251042694043,0.002557384282766233,,,capacidad_infinita_sin_regimen_estacionario
1.0,10.0,10.0,1.0,infinita,M/M/1,16,0.005037975407448922,0.0034806565644882525,0.0024897387247308344,,,capacidad_infinita_sin_regimen_estacionario
1.0,10.0,10.0,1.0,infinita,M/M/1,17,0.005143273625964804,0.0035507638034922013,0.0025398869380343072,,,capacidad_infinita_sin_regimen_estacionario
1.0,10.0,10.0,1.0,infinita,M/M/1,18,0.005231016604481659,0.003566852802749637,0.002551395515152226,,,capacidad_infinita_sin_regimen_estacionario
1.0,10.0,10.0,1.0,infinita,M/M/1,19,0.00504973196370608,0.003523826449653385,0.0025206184547031637,,,capacidad_infinita_sin_regimen_estacionario
1.0,10.0,10.0,1.0,infinita,M/M/1,20,0.004997425157726487,0.003472953318343192,0.0024842285372480566,,,capacidad_infinita_sin_regimen_estacionario
1.0,10.0,10.0,1.0,infinita,M/M/1,>20,0.8879123036291551,0.0725577309246022,0.05190106783435049,,,capacidad_infinita_sin_regimen_estacionario
1.0,10.0,10.0,1.0,0,M/M/1/K,0,1.0,0.0,0.0,1.0,0.0,capacidad_finita_regimen_estacionario
1.0,10.0,10.0,1.0,0,M/M/1/K,1,0.0,0.0,0.0,,,capacidad_finita_regimen_estacionario
1.0,10.0,10.0,1.0,0,M/M/1/K,2,0.0,0.0,0.0,,,capacidad_finita_regimen_estacionario
1.0,10.0,10.0,1.0,0,M/M/1/K,3,0.0,0.0,0.0,,,capacidad_finita_regimen_estacionario
1.0,10.0,10.0,1.0,0,M/M/1/K,4,0.0,0.0,0.0,,,capacidad_finita_regimen_estacionario
1.0,10.0,10.0,1.0,0,M/M/1/K,5,0.0,0.0,0.0,,,capacidad_finita_regimen_estacionario
1.0,10.0,10.0,1.0,0,M/M/1/K,6,0.0,0.0,0.0,,,capacidad_finita_regimen_estacionario
1.0,10.0,10.0,1.0,0,M/M/1/K,7,0.0,0.0,0.0,,,capacidad_finita_regimen_estacionario
1.0,10.0,10.0,1.0,0,M/M/1/K,8,0.0,0.0,0.0,,,capacidad_finita_regimen_estacionario
1.0,10.0,10.0,1.0,0,M/M/1/K,9,0.0,0.0,0.0,,,capacidad_finita_regimen_estacionario
1.0,10.0,10.0,1.0,0,M/M/1/K,10,0.0,0.0,0.0,,,capacidad_finita_regimen_estacionario
1.0,10.0,10.0,1.0,0,M/M/1/K,11,0.0,0.0,0.0,,,capacidad_finita_regimen_estacionario
1.0,10.0,10.0,1.0,0,M/M/1/K,12,0.0,0.0,0.0,,,capacidad_finita_regimen_estacionario
1.0,10.0,10.0,1.0,0,M/M/1/K,13,0.0,0.0,0.0,,,capacidad_finita_regimen_estacionario
1.0,10.0,10.0,1.0,0,M/M/1/K,14,0.0,0.0,0.0,,,capacidad_finita_regimen_estacionario
1.0,10.0,10.0,1.0,0,M/M/1/K,15,0.0,0.0,0.0,,,capacidad_finita_regimen_estacionario
1.0,10.0,10.0,1.0,0,M/M/1/K,16,0.0,0.0,0.0,,,capacidad_finita_regimen_estacionario
1.0,10.0,10.0,1.0,0,M/M/1/K,17,0.0,0.0,0.0,,,capacidad_finita_regimen_estacionario
1.0,10.0,10.0,1.0,0,M/M/1/K,18,0.0,0.0,0.0,,,capacidad_finita_regimen_estacionario
1.0,10.0,10.0,1.0,0,M/M/1/K,19,0.0,0.0,0.0,,,capacidad_finita_regimen_estacionario
1.0,10.0,10.0,1.0,0,M/M/1/K,20,0.0,0.0,0.0,,,capacidad_finita_regimen_estacionario
1.0,10.0,10.0,1.0,0,M/M/1/K,>20,0.0,0.0,0.0,,,capacidad_finita_regimen_estacionario
1.0,10.0,10.0,1.0,2,M/M/1/K,0,0.5011081666958046,0.0016111493559906303,0.0011524667454586369,0.5,0.22163333916092043,capacidad_finita_regimen_estacionario
1.0,10.0,10.0,1.0,2,M/M/1/K,1,0.24959516295800194,0.0010119787516953234,0.0007238756941453824,0.25,-0.16193481679922517,capacidad_finita_regimen_estacionario
1.0,10.0,10.0,1.0,2,M/M/1/K,2,0.2492966703461934,0.0015228557774874488,0.0010893097124473224,0.25,-0.2813318615226379,capacidad_finita_regimen_estacionario
1.0,10.0,10.0,1.0,2,M/M/1/K,3,0.0,0.0,0.0,,,capacidad_finita_regimen_estacionario
1.0,10.0,10.0,1.0,2,M/M/1/K,4,0.0,0.0,0.0,,,capacidad_finita_regimen_estacionario
1.0,10.0,10.0,1.0,2,M/M/1/K,5,0.0,0.0,0.0,,,capacidad_finita_regimen_estacionario
1.0,10.0,10.0,1.0,2,M/M/1/K,6,0.0,0.0,0.0,,,capacidad_finita_regimen_estacionario
1.0,10.0,10.0,1.0,2,M/M/1/K,7,0.0,0.0,0.0,,,capacidad_finita_regimen_estacionario
1.0,10.0,10.0,1.0,2,M/M/1/K,8,0.0,0.0,0.0,,,capacidad_finita_regimen_estacionario
1.0,10.0,10.0,1.0,2,M/M/1/K,9,0.0,0.0,0.0,,,capacidad_finita_regimen_estacionario
1.0,10.0,10.0,1.0,2,M/M/1/K,10,0.0,0.0,0.0,,,capacidad_finita_regimen_estacionario
1.0,10.0,10.0,1.0,2,M/M/1/K,11,0.0,0.0,0.0,,,capacidad_finita_regimen_estacionario
1.0,10.0,10.0,1.0,2,M/M/1/K,12,0.0,0.0,0.0,,,capacidad_finita_regimen_estacionario
1.0,10.0,10.0,1.0,2,M/M/1/K,13,0.0,0.0,0.0,,,capacidad_finita_regimen_estacionario
1.0,10.0,10.0,1.0,2,M/M/1/K,14,0.0,0.0,0.0,,,capacidad_finita_regimen_estacionario
1.0,10.0,10.0,1.0,2,M/M/1/K,15,0.0,0.0,0.0,,,capacidad_finita_regimen_estacionario
1.0,10.0,10.0,1.0,2,M/M/1/K,16,0.0,0.0,0.0,,,capacidad_finita_regimen_estacionario
1.0,10.0,10.0,1.0,2,M/M/1/K,17,0.0,0.0,0.0,,,capacidad_finita_regimen_estacionario
1.0,10.0,10.0,1.0,2,M/M/1/K,18,0.0,0.0,0.0,,,capacidad_finita_regimen_estacionario
1.0,10.0,10.0,1.0,2,M/M/1/K,19,0.0,0.0,0.0,,,capacidad_finita_regimen_estacionario
1.0,10.0,10.0,1.0,2,M/M/1/K,20,0.0,0.0,0.0,,,capacidad_finita_regimen_estacionario
1.0,10.0,10.0,1.0,2,M/M/1/K,>20,0.0,0.0,0.0,,,capacidad_finita_regimen_estacionario
1.0,10.0,10.0,1.0,5,M/M/1/K,0,0.2868481144991634,0.0028866289379205073,0.002064826482450157,0.2857142857142857,0.3968400747072026,capacidad_finita_regimen_estacionario
1.0,10.0,10.0,1.0,5,M/M/1/K,1,0.14321376486899942,0.0013135275442287778,0.0009395757186253183,0.14285714285714285,0.24963540829960051,capacidad_finita_regimen_estacionario
1.0,10.0,10.0,1.0,5,M/M/1/K,2,0.14282429559931303,0.0009772118038536214,0.000699006645798204,0.14285714285714285,-0.022993080480870898,capacidad_finita_regimen_estacionario
1.0,10.0,10.0,1.0,5,M/M/1/K,3,0.14248883511472565,0.0016415741299256712,0.0011742298055175053,0.14285714285714285,-0.2578154196920368,capacidad_finita_regimen_estacionario
1.0,10.0,10.0,1.0,5,M/M/1/K,4,0.14218513738026656,0.001231618179119967,0.0008809853594642999,0.14285714285714285,-0.4704038338134042,capacidad_finita_regimen_estacionario
1.0,10.0,10.0,1.0,5,M/M/1/K,5,0.14243985253753194,0.002417772785303077,0.001729450297563167,0.14285714285714285,-0.29210322372763553,capacidad_finita_regimen_estacionario
1.0,10.0,10.0,1.0,5,M/M/1/K,6,0.0,0.0,0.0,,,capacidad_finita_regimen_estacionario
1.0,10.0,10.0,1.0,5,M/M/1/K,7,0.0,0.0,0.0,,,capacidad_finita_regimen_estacionario
1.0,10.0,10.0,1.0,5,M/M/1/K,8,0.0,0.0,0.0,,,capacidad_finita_regimen_estacionario
1.0,10.0,10.0,1.0,5,M/M/1/K,9,0.0,0.0,0.0,,,capacidad_finita_regimen_estacionario
1.0,10.0,10.0,1.0,5,M/M/1/K,10,0.0,0.0,0.0,,,capacidad_finita_regimen_estacionario
1.0,10.0,10.0,1.0,5,M/M/1/K,11,0.0,0.0,0.0,,,capacidad_finita_regimen_estacionario
1.0,10.0,10.0,1.0,5,M/M/1/K,12,0.0,0.0,0.0,,,capacidad_finita_regimen_estacionario
1.0,10.0,10.0,1.0,5,M/M/1/K,13,0.0,0.0,0.0,,,capacidad_finita_regimen_estacionario
1.0,10.0,10.0,1.0,5,M/M/1/K,14,0.0,0.0,0.0,,,capacidad_finita_regimen_estacionario
1.0,10.0,10.0,1.0,5,M/M/1/K,15,0.0,0.0,0.0,,,capacidad_finita_regimen_estacionario
1.0,10.0,10.0,1.0,5,M/M/1/K,16,0.0,0.0,0.0,,,capacidad_finita_regimen_estacionario
1.0,10.0,10.0,1.0,5,M/M/1/K,17,0.0,0.0,0.0,,,capacidad_finita_regimen_estacionario
1.0,10.0,10.0,1.0,5,M/M/1/K,18,0.0,0.0,0.0,,,capacidad_finita_regimen_estacionario
1.0,10.0,10.0,1.0,5,M/M/1/K,19,0.0,0.0,0.0,,,capacidad_finita_regimen_estacionario
1.0,10.0,10.0,1.0,5,M/M/1/K,20,0.0,0.0,0.0,,,capacidad_finita_regimen_estacionario
1.0,10.0,10.0,1.0,5,M/M/1/K,>20,0.0,0.0,0.0,,,capacidad_finita_regimen_estacionario
1.0,10.0,10.0,1.0,10,M/M/1/K,0,0.16796772939247462,0.004696150124107782,0.0033591900276606908,0.16666666666666666,0.7806376354847766,capacidad_finita_regimen_estacionario
1.0,10.0,10.0,1.0,10,M/M/1/K,1,0.0835688524594519,0.0019878600081567957,0.0014219305898050861,0.08333333333333333,0.28262295134229287,capacidad_finita_regimen_estacionario
1.0,10.0,10.0,1.0,10,M/M/1/K,2,0.08340067325542636,0.0014777020996151887,0.0010570109612549259,0.08333333333333333,0.08080790651163183,capacidad_finita_regimen_estacionario
1.0,10.0,10.0,1.0,10,M/M/1/K,3,0.0836454914939734,0.0015304808736703159,0.0010947639986989375,0.08333333333333333,0.374589792768093,capacidad_finita_regimen_estacionario
1.0,10.0,10.0,1.0,10,M/M/1/K,4,0.08326457862071389,0.0018844536511946383,0.0013479632774483512,0.08333333333333333,-0.08250565514332786,capacidad_finita_regimen_estacionario
1.0,10.0,10.0,1.0,10,M/M/1/K,5,0.08311629036235454,0.0012381878182192063,0.0008856846696576017,0.08333333333333333,-0.26045156517454093,capacidad_finita_regimen_estacionario
1.0,10.0,10.0,1.0,10,M/M/1/K,6,0.0831794027862422,0.0008260523156295901,0.0005908811745059226,0.08333333333333333,-0.18471665650935942,capacidad_finita_regimen_estacionario
1.0,10.0,10.0,1.0,10,M/M/1/K,7,0.08339634074750404,0.0013687242776853758,0.0009790583398547824,0.08333333333333333,0.07560889700485851,capacidad_finita_regimen_estacionario
1.0,10.0,10.0,1.0,10,M/M/1/K,8,0.08285893759929248,0.002039296891823556,0.001458723763383657,0.08333333333333333,-0.5692748808490133,capacidad_finita_regimen_estacionario
1.0,10.0,10.0,1.0,10,M/M/1/K,9,0.08246805521535694,0.0022282425978385457,0.0015938779885768834,0.08333333333333333,-1.0383337415716676,capacidad_finita_regimen_estacionario
1.0,10.0,10.0,1.0,10,M/M/1/K,10,0.08313364806720963,0.003457977237934141,0.0024735160390028928,0.08333333333333333,-0.23962231934843703,capacidad_finita_regimen_estacionario
1.0,10.0,10.0,1.0,10,M/M/1/K,11,0.0,0.0,0.0,,,capacidad_finita_regimen_estacionario
1.0,10.0,10.0,1.0,10,M/M/1/K,12,0.0,0.0,0.0,,,capacidad_finita_regimen_estacionario
1.0,10.0,10.0,1.0,10,M/M/1/K,13,0.0,0.0,0.0,,,capacidad_finita_regimen_estacionario
1.0,10.0,10.0,1.0,10,M/M/1/K,14,0.0,0.0,0.0,,,capacidad_finita_regimen_estacionario
1.0,10.0,10.0,1.0,10,M/M/1/K,15,0.0,0.0,0.0,,,capacidad_finita_regimen_estacionario
1.0,10.0,10.0,1.0,10,M/M/1/K,16,0.0,0.0,0.0,,,capacidad_finita_regimen_estacionario
1.0,10.0,10.0,1.0,10,M/M/1/K,17,0.0,0.0,0.0,,,capacidad_finita_regimen_estacionario
1.0,10.0,10.0,1.0,10,M/M/1/K,18,0.0,0.0,0.0,,,capacidad_finita_regimen_estacionario
1.0,10.0,10.0,1.0,10,M/M/1/K,19,0.0,0.0,0.0,,,capacidad_finita_regimen_estacionario
1.0,10.0,10.0,1.0,10,M/M/1/K,20,0.0,0.0,0.0,,,capacidad_finita_regimen_estacionario
1.0,10.0,10.0,1.0,10,M/M/1/K,>20,0.0,0.0,0.0,,,capacidad_finita_regimen_estacionario
1.0,10.0,10.0,1.0,50,M/M/1/K,0,0.038962228984880234,0.0075241020717515695,0.005382044436096679,0.038461538461538464,1.301795360688604,capacidad_finita_regimen_estacionario
1.0,10.0,10.0,1.0,50,M/M/1/K,1,0.019512462518158948,0.003504733881369816,0.0025069614030149403,0.019230769230769232,1.4648050944265216,capacidad_finita_regimen_estacionario
1.0,10.0,10.0,1.0,50,M/M/1/K,2,0.01965569330321702,0.0035514203192083347,0.002540356548457389,0.019230769230769232,2.2096051767284948,capacidad_finita_regimen_estacionario
1.0,10.0,10.0,1.0,50,M/M/1/K,3,0.019405680492453024,0.0030724735159971153,0.002197762448480067,0.019230769230769232,0.909538560755721,capacidad_finita_regimen_estacionario
1.0,10.0,10.0,1.0,50,M/M/1/K,4,0.01918961895382453,0.002744218920190008,0.0019629595704569714,0.019230769230769232,-0.21398144011245818,capacidad_finita_regimen_estacionario
1.0,10.0,10.0,1.0,50,M/M/1/K,5,0.019453668392740594,0.0025824541758699914,0.0018472480830500134,0.019230769230769232,1.1590756422510824,capacidad_finita_regimen_estacionario
1.0,10.0,10.0,1.0,50,M/M/1/K,6,0.01904802370707879,0.002395481089684529,0.0017135048870369862,0.019230769230769232,-0.9502767231903048,capacidad_finita_regimen_estacionario
1.0,10.0,10.0,1.0,50,M/M/1/K,7,0.01896033221184592,0.002243398915054175,0.0016047194115087102,0.019230769230769232,-1.4062724984012258,capacidad_finita_regimen_estacionario
1.0,10.0,10.0,1.0,50,M/M/1/K,8,0.01879963979664605,0.002214240378156156,0.0015838620999278524,0.019230769230769232,-2.2418730574405394,capacidad_finita_regimen_estacionario
1.0,10.0,10.0,1.0,50,M/M/1/K,9,0.018829845682019165,0.002192999033775813,0.0015686680132119574,0.019230769230769232,-2.084802453500349,capacidad_finita_regimen_estacionario
1.0,10.0,10.0,1.0,50,M/M/1/K,10,0.01868137630391545,0.0025645913371365424,0.00183447066577132,0.019230769230769232,-2.8568432196396585,capacidad_finita_regimen_estacionario
1.0,10.0,10.0,1.0,50,M/M/1/K,11,0.018688204621770253,0.0026388705604538003,0.0018876031295204682,0.019230769230769232,-2.8213359667946882,capacidad_finita_regimen_estacionario
1.0,10.0,10.0,1.0,50,M/M/1/K,12,0.01864717923175639,0.002349728745643002,0.0016807779056192877,0.019230769230769232,-3.0346679948667687,capacidad_finita_regimen_estacionario
1.0,10.0,10.0,1.0,50,M/M/1/K,13,0.0182451844719455,0.002058553404305302,0.001472498085538338,0.019230769230769232,-5.1250407458834,capacidad_finita_regimen_estacionario
1.0,10.0,10.0,1.0,50,M/M/1/K,14,0.018245580247932196,0.0020883724228711606,0.0014938278444161148,0.019230769230769232,-5.122982710752583,capacidad_finita_regimen_estacionario
1.0,10.0,10.0,1.0,50,M/M/1/K,15,0.018096704203335947,0.0017886822995507152,0.0012794573394191715,0.019230769230769232,-5.897138142653081,capacidad_finita_regimen_estacionario
1.0,10.0,10.0,1.0,50,M/M/1/K,16,0.01861049933748128,0.001728610695211567,0.0012364876879155404,0.019230769230769232,-3.2254034450973412,capacidad_finita_regimen_estacionario
1.0,10.0,10.0,1.0,50,M/M/1/K,17,0.01860411192809826,0.0015250650583165295,0.0010908900269460545,0.019230769230769232,-3.258617973889048,capacidad_finita_regimen_estacionario
1.0,10.0,10.0,1.0,50,M/M/1/K,18,0.018718282600087684,0.001303756617795788,0.0009325865045313712,0.019230769230769232,-2.6649304795440503,capacidad_finita_regimen_estacionario
1.0,10.0,10.0,1.0,50,M/M/1/K,19,0.01872946815013695,0.0013244693077311463,0.0009474024409128988,0.019230769230769232,-2.606765619287862,capacidad_finita_regimen_estacionario
1.0,10.0,10.0,1.0,50,M/M/1/K,20,0.01884971680979151,0.0012804836454664882,0.0009159391797021931,0.019230769230769232,-1.9814725890841502,capacidad_finita_regimen_estacionario
1.0,10.0,10.0,1.0,50,M/M/1/K,>20,0.5840664980508843,0.048083295455180565,0.03439432776242271,,,capacidad_finita_regimen_estacionario
1.25,12.5,10.0,1.25,infinita,M/M/1,0,7.001845045232257e-05,4.9035487485372504e-05,3.507543758380996e-05,,,capacidad_infinita_sin_regimen_estacionario
1.25,12.5,10.0,1.25,infinita,M/M/1,1,5.3988446669875294e-05,3.4528470458397796e-05,2.469846375625887e-05,,,capacidad_infinita_sin_regimen_estacionario
1.25,12.5,10.0,1.25,infinita,M/M/1,2,4.5383775958144035e-05,3.0131993733430277e-05,2.1553632270668508e-05,,,capacidad_infinita_sin_regimen_estacionario
1.25,12.5,10.0,1.25,infinita,M/M/1,3,4.426217497182474e-05,2.7653495878207034e-05,1.9780744892962257e-05,,,capacidad_infinita_sin_regimen_estacionario
1.25,12.5,10.0,1.25,infinita,M/M/1,4,6.164996676215939e-05,3.1944020399115805e-05,2.2849788003420458e-05,,,capacidad_infinita_sin_regimen_estacionario
1.25,12.5,10.0,1.25,infinita,M/M/1,5,5.233162371730837e-05,3.3549860708408754e-05,2.3998457149515376e-05,,,capacidad_infinita_sin_regimen_estacionario
1.25,12.5,10.0,1.25,infinita,M/M/1,6,6.000079832815462e-05,6.334274462981787e-05,4.5309521727772255e-05,,,capacidad_infinita_sin_regimen_estacionario
1.25,12.5,10.0,1.25,infinita,M/M/1,7,5.021274837338639e-05,5.283388968583665e-05,3.7792462051861385e-05,,,capacidad_infinita_sin_regimen_estacionario
1.25,12.5,10.0,1.25,infinita,M/M/1,8,4.2330764244878336e-05,4.075612228965529e-05,2.915314799216318e-05,,,capacidad_infinita_sin_regimen_estacionario
1.25,12.5,10.0,1.25,infinita,M/M/1,9,5.122057876074358e-05,4.9797891835426714e-05,3.562079090984611e-05,,,capacidad_infinita_sin_regimen_estacionario
1.25,12.5,10.0,1.25,infinita,M/M/1,10,4.3047204399364896e-05,3.227664157541894e-05,2.308771432794113e-05,,,capacidad_infinita_sin_regimen_estacionario
1.25,12.5,10.0,1.25,infinita,M/M/1,11,4.951814206541964e-05,5.551793803469456e-05,3.9712381179011446e-05,,,capacidad_infinita_sin_regimen_estacionario
1.25,12.5,10.0,1.25,infinita,M/M/1,12,4.7288833227141145e-05,4.468869167060893e-05,3.196614321132539e-05,,,capacidad_infinita_sin_regimen_estacionario
1.25,12.5,10.0,1.25,infinita,M/M/1,13,3.602534036521087e-05,5.050948930803955e-05,3.6129801710296985e-05,,,capacidad_infinita_sin_regimen_estacionario
1.25,12.5,10.0,1.25,infinita,M/M/1,14,3.349673283490313e-05,2.8974059296997997e-05,2.0725353423367553e-05,,,capacidad_infinita_sin_regimen_estacionario
1.25,12.5,10.0,1.25,infinita,M/M/1,15,3.266455800368658e-05,3.099352722338008e-05,2.2169893384868925e-05,,,capacidad_infinita_sin_regimen_estacionario
1.25,12.5,10.0,1.25,infinita,M/M/1,16,3.8314474383652416e-05,3.458131395349081e-05,2.4736263089127705e-05,,,capacidad_infinita_sin_regimen_estacionario
1.25,12.5,10.0,1.25,infinita,M/M/1,17,5.955907991785218e-05,5.327465209171463e-05,3.81077425772416e-05,,,capacidad_infinita_sin_regimen_estacionario
1.25,12.5,10.0,1.25,infinita,M/M/1,18,5.235610540930679e-05,3.546437574896066e-05,2.5367923555415297e-05,,,capacidad_infinita_sin_regimen_estacionario
1.25,12.5,10.0,1.25,infinita,M/M/1,19,6.030495068867831e-05,6.238414315602824e-05,4.462382718518846e-05,,,capacidad_infinita_sin_regimen_estacionario
1.25,12.5,10.0,1.25,infinita,M/M/1,20,5.936223638109173e-05,5.02345875882833e-05,3.593316252901284e-05,,,capacidad_infinita_sin_regimen_estacionario
1.25,12.5,10.0,1.25,infinita,M/M/1,>20,0.9989566630140849,0.00043577254556854896,0.00031171124234029843,,,capacidad_infinita_sin_regimen_estacionario
1.25,12.5,10.0,1.25,0,M/M/1/K,0,1.0,0.0,0.0,1.0,0.0,capacidad_finita_regimen_estacionario
1.25,12.5,10.0,1.25,0,M/M/1/K,1,0.0,0.0,0.0,,,capacidad_finita_regimen_estacionario
1.25,12.5,10.0,1.25,0,M/M/1/K,2,0.0,0.0,0.0,,,capacidad_finita_regimen_estacionario
1.25,12.5,10.0,1.25,0,M/M/1/K,3,0.0,0.0,0.0,,,capacidad_finita_regimen_estacionario
1.25,12.5,10.0,1.25,0,M/M/1/K,4,0.0,0.0,0.0,,,capacidad_finita_regimen_estacionario
1.25,12.5,10.0,1.25,0,M/M/1/K,5,0.0,0.0,0.0,,,capacidad_finita_regimen_estacionario
1.25,12.5,10.0,1.25,0,M/M/1/K,6,0.0,0.0,0.0,,,capacidad_finita_regimen_estacionario
1.25,12.5,10.0,1.25,0,M/M/1/K,7,0.0,0.0,0.0,,,capacidad_finita_regimen_estacionario
1.25,12.5,10.0,1.25,0,M/M/1/K,8,0.0,0.0,0.0,,,capacidad_finita_regimen_estacionario
1.25,12.5,10.0,1.25,0,M/M/1/K,9,0.0,0.0,0.0,,,capacidad_finita_regimen_estacionario
1.25,12.5,10.0,1.25,0,M/M/1/K,10,0.0,0.0,0.0,,,capacidad_finita_regimen_estacionario
1.25,12.5,10.0,1.25,0,M/M/1/K,11,0.0,0.0,0.0,,,capacidad_finita_regimen_estacionario
1.25,12.5,10.0,1.25,0,M/M/1/K,12,0.0,0.0,0.0,,,capacidad_finita_regimen_estacionario
1.25,12.5,10.0,1.25,0,M/M/1/K,13,0.0,0.0,0.0,,,capacidad_finita_regimen_estacionario
1.25,12.5,10.0,1.25,0,M/M/1/K,14,0.0,0.0,0.0,,,capacidad_finita_regimen_estacionario
1.25,12.5,10.0,1.25,0,M/M/1/K,15,0.0,0.0,0.0,,,capacidad_finita_regimen_estacionario
1.25,12.5,10.0,1.25,0,M/M/1/K,16,0.0,0.0,0.0,,,capacidad_finita_regimen_estacionario
1.25,12.5,10.0,1.25,0,M/M/1/K,17,0.0,0.0,0.0,,,capacidad_finita_regimen_estacionario
1.25,12.5,10.0,1.25,0,M/M/1/K,18,0.0,0.0,0.0,,,capacidad_finita_regimen_estacionario
1.25,12.5,10.0,1.25,0,M/M/1/K,19,0.0,0.0,0.0,,,capacidad_finita_regimen_estacionario
1.25,12.5,10.0,1.25,0,M/M/1/K,20,0.0,0.0,0.0,,,capacidad_finita_regimen_estacionario
1.25,12.5,10.0,1.25,0,M/M/1/K,>20,0.0,0.0,0.0,,,capacidad_finita_regimen_estacionario
1.25,12.5,10.0,1.25,2,M/M/1/K,0,0.3910322266550776,0.0022421738203216397,0.0016038430924176007,0.3902439024390244,0.20200808036362794,capacidad_finita_regimen_estacionario
1.25,12.5,10.0,1.25,2,M/M/1/K,1,0.2708842105279854,0.0009000389845703862,0.0006438043720012272,0.27100271002710025,-0.04372631517338139,capacidad_finita_regimen_estacionario
1.25,12.5,10.0,1.25,2,M/M/1/K,2,0.338083562816937,0.0017698199175521971,0.0012659649416395357,0.33875338753387535,-0.1977322564401943,capacidad_finita_regimen_estacionario
1.25,12.5,10.0,1.25,2,M/M/1/K,3,0.0,0.0,0.0,,,capacidad_finita_regimen_estacionario
1.25,12.5,10.0,1.25,2,M/M/1/K,4,0.0,0.0,0.0,,,capacidad_finita_regimen_estacionario
1.25,12.5,10.0,1.25,2,M/M/1/K,5,0.0,0.0,0.0,,,capacidad_finita_regimen_estacionario
1.25,12.5,10.0,1.25,2,M/M/1/K,6,0.0,0.0,0.0,,,capacidad_finita_regimen_estacionario
1.25,12.5,10.0,1.25,2,M/M/1/K,7,0.0,0.0,0.0,,,capacidad_finita_regimen_estacionario
1.25,12.5,10.0,1.25,2,M/M/1/K,8,0.0,0.0,0.0,,,capacidad_finita_regimen_estacionario
1.25,12.5,10.0,1.25,2,M/M/1/K,9,0.0,0.0,0.0,,,capacidad_finita_regimen_estacionario
1.25,12.5,10.0,1.25,2,M/M/1/K,10,0.0,0.0,0.0,,,capacidad_finita_regimen_estacionario
1.25,12.5,10.0,1.25,2,M/M/1/K,11,0.0,0.0,0.0,,,capacidad_finita_regimen_estacionario
1.25,12.5,10.0,1.25,2,M/M/1/K,12,0.0,0.0,0.0,,,capacidad_finita_regimen_estacionario
1.25,12.5,10.0,1.25,2,M/M/1/K,13,0.0,0.0,0.0,,,capacidad_finita_regimen_estacionario
1.25,12.5,10.0,1.25,2,M/M/1/K,14,0.0,0.0,0.0,,,capacidad_finita_regimen_estacionario
1.25,12.5,10.0,1.25,2,M/M/1/K,15,0.0,0.0,0.0,,,capacidad_finita_regimen_estacionario
1.25,12.5,10.0,1.25,2,M/M/1/K,16,0.0,0.0,0.0,,,capacidad_finita_regimen_estacionario
1.25,12.5,10.0,1.25,2,M/M/1/K,17,0.0,0.0,0.0,,,capacidad_finita_regimen_estacionario
1.25,12.5,10.0,1.25,2,M/M/1/K,18,0.0,0.0,0.0,,,capacidad_finita_regimen_estacionario
1.25,12.5,10.0,1.25,2,M/M/1/K,19,0.0,0.0,0.0,,,capacidad_finita_regimen_estacionario
1.25,12.5,10.0,1.25,2,M/M/1/K,20,0.0,0.0,0.0,,,capacidad_finita_regimen_estacionario
1.25,12.5,10.0,1.25,2,M/M/1/K,>20,0.0,0.0,0.0,,,capacidad_finita_regimen_estacionario
1.25,12.5,10.0,1.25,5,M/M/1/K,0,0.14963008223728813,0.001963309426600304,0.001404369381888313,0.14926871932751332,0.24208883911031742,capacidad_finita_regimen_estacionario
1.25,12.5,10.0,1.25,5,M/M/1/K,1,0.10405184155776417,0.00094344944180451,0.0006748561849082441,0.10365883286632868,0.37913671277998034,capacidad_finita_regimen_estacionario
1.25,12.5,10.0,1.25,5,M/M/1/K,2,0.12959001332683356,0.000989572674858181,0.0007078484659092264,0.12957354108291086,0.012712660150396592,capacidad_finita_regimen_estacionario
1.25,12.5,10.0,1.25,5,M/M/1/K,3,0.16145154190593386,0.0008968165859943189,0.0006414993670768094,0.16196692635363857,-0.31820351185736767,capacidad_finita_regimen_estacionario
1.25,12.5,10.0,1.25,5,M/M/1/K,4,0.2023029002436904,0.0007829559567302384,0.00056005403840139,0.2024586579420482,-0.07693308843446879,capacidad_finita_regimen_estacionario
1.25,12.5,10.0,1.25,5,M/M/1/K,5,0.2529736207284899,0.002048329984797535,0.001465185199887007,0.25307332242756025,-0.0393963686547417,capacidad_finita_regimen_estacionario
1.25,12.5,10.0,1.25,5,M/M/1/K,6,0.0,0.0,0.0,,,capacidad_finita_regimen_estacionario
1.25,12.5,10.0,1.25,5,M/M/1/K,7,0.0,0.0,0.0,,,capacidad_finita_regimen_estacionario
1.25,12.5,10.0,1.25,5,M/M/1/K,8,0.0,0.0,0.0,,,capacidad_finita_regimen_estacionario
1.25,12.5,10.0,1.25,5,M/M/1/K,9,0.0,0.0,0.0,,,capacidad_finita_regimen_estacionario
1.25,12.5,10.0,1.25,5,M/M/1/K,10,0.0,0.0,0.0,,,capacidad_finita_regimen_estacionario
1.25,12.5,10.0,1.25,5,M/M/1/K,11,0.0,0.0,0.0,,,capacidad_finita_regimen_estacionario
1.25,12.5,10.0,1.25,5,M/M/1/K,12,0.0,0.0,0.0,,,capacidad_finita_regimen_estacionario
1.25,12.5,10.0,1.25,5,M/M/1/K,13,0.0,0.0,0.0,,,capacidad_finita_regimen_estacionario
1.25,12.5,10.0,1.25,5,M/M/1/K,14,0.0,0.0,0.0,,,capacidad_finita_regimen_estacionario
1.25,12.5,10.0,1.25,5,M/M/1/K,15,0.0,0.0,0.0,,,capacidad_finita_regimen_estacionario
1.25,12.5,10.0,1.25,5,M/M/1/K,16,0.0,0.0,0.0,,,capacidad_finita_regimen_estacionario
1.25,12.5,10.0,1.25,5,M/M/1/K,17,0.0,0.0,0.0,,,capacidad_finita_regimen_estacionario
1.25,12.5,10.0,1.25,5,M/M/1/K,18,0.0,0.0,0.0,,,capacidad_finita_regimen_estacionario
1.25,12.5,10.0,1.25,5,M/M/1/K,19,0.0,0.0,0.0,,,capacidad_finita_regimen_estacionario
1.25,12.5,10.0,1.25,5,M/M/1/K,20,0.0,0.0,0.0,,,capacidad_finita_regimen_estacionario
1.25,12.5,10.0,1.25,5,M/M/1/K,>20,0.0,0.0,0.0,,,capacidad_finita_regimen_estacionario
1.25,12.5,10.0,1.25,10,M/M/1/K,0,0.04160230264509041,0.0017689837721497881,0.0012653668408073183,0.04150704830432939,0.2294895557559656,capacidad_finita_regimen_estacionario
1.25,12.5,10.0,1.25,10,M/M/1/K,1,0.028749416836553344,0.0005592955512227146,0.00040006813848168446,0.028824339100228743,-0.25992708250786745,capacidad_finita_regimen_estacionario
1.25,12.5,10.0,1.25,10,M/M/1/K,2,0.036168770346703336,0.0008377309618891947,0.0005992349943402691,0.03603042387528593,0.38397125689186673,capacidad_finita_regimen_estacionario
1.25,12.5,10.0,1.25,10,M/M/1/K,3,0.04506315084278811,0.0012378831965580868,0.0008854667715880768,0.045038029844107416,0.05577730368679503,capacidad_finita_regimen_estacionario
1.25,12.5,10.0,1.25,10,M/M/1/K,4,0.0563430686708008,0.0012973221291308838,0.0009279838684177421,0.05629753730513427,0.08087630089350427,capacidad_finita_regimen_estacionario
1.25,12.5,10.0,1.25,10,M/M/1/K,5,0.07078604282744552,0.0012690925885319743,0.0009077910745846626,0.07037192163141784,0.5884750429250712,capacidad_finita_regimen_estacionario
1.25,12.5,10.0,1.25,10,M/M/1/K,6,0.08849607842700127,0.0013226684202398942,0.0009461142531118961,0.08796490203927229,0.6038503714718357,capacidad_finita_regimen_estacionario
1.25,12.5,10.0,1.25,10,M/M/1/K,7,0.1098003906207206,0.0011444206491215052,0.0008186123378473374,0.10995612754909036,-0.14163551576534944,capacidad_finita_regimen_estacionario
1.25,12.5,10.0,1.25,10,M/M/1/K,8,0.13675068940340918,0.0014929968366706999,0.0010679513968957749,0.13744515943636296,-0.5052706372502849,capacidad_finita_regimen_estacionario
1.25,12.5,10.0,1.25,10,M/M/1/K,9,0.17150876000144433,0.0014694317629453636,0.001051095129832916,0.1718064492954537,-0.17327015093445602,capacidad_finita_regimen_estacionario
1.25,12.5,10.0,1.25,10,M/M/1/K,10,0.21473132937804312,0.0028376781579407613,0.0020298116367555856,0.21475806161931713,-0.012447607820836185,capacidad_finita_regimen_estacionario
1.25,12.5,10.0,1.25,10,M/M/1/K,11,0.0,0.0,0.0,,,capacidad_finita_regimen_estacionario
1.25,12.5,10.0,1.25,10,M/M/1/K,12,0.0,0.0,0.0,,,capacidad_finita_regimen_estacionario
1.25,12.5,10.0,1.25,10,M/M/1/K,13,0.0,0.0,0.0,,,capacidad_finita_regimen_estacionario
1.25,12.5,10.0,1.25,10,M/M/1/K,14,0.0,0.0,0.0,,,capacidad_finita_regimen_estacionario
1.25,12.5,10.0,1.25,10,M/M/1/K,15,0.0,0.0,0.0,,,capacidad_finita_regimen_estacionario
1.25,12.5,10.0,1.25,10,M/M/1/K,16,0.0,0.0,0.0,,,capacidad_finita_regimen_estacionario
1.25,12.5,10.0,1.25,10,M/M/1/K,17,0.0,0.0,0.0,,,capacidad_finita_regimen_estacionario
1.25,12.5,10.0,1.25,10,M/M/1/K,18,0.0,0.0,0.0,,,capacidad_finita_regimen_estacionario
1.25,12.5,10.0,1.25,10,M/M/1/K,19,0.0,0.0,0.0,,,capacidad_finita_regimen_estacionario
1.25,12.5,10.0,1.25,10,M/M/1/K,20,0.0,0.0,0.0,,,capacidad_finita_regimen_estacionario
1.25,12.5,10.0,1.25,10,M/M/1/K,>20,0.0,0.0,0.0,,,capacidad_finita_regimen_estacionario
1.25,12.5,10.0,1.25,50,M/M/1/K,0,6.585421399577188e-05,8.648507130178625e-05,6.186339477673317e-05,5.138138627479061e-06,1181.6745278840815,capacidad_finita_regimen_estacionario
1.25,12.5,10.0,1.25,50,M/M/1/K,1,2.614487648038346e-05,3.346241319555575e-05,2.3935905313361e-05,3.568151824638237e-06,632.7288121500884,capacidad_finita_regimen_estacionario
1.25,12.5,10.0,1.25,50,M/M/1/K,2,2.5289076497919146e-05,2.2952551426053494e-05,1.6418125447899008e-05,4.4601897807977965e-06,466.9955257687639,capacidad_finita_regimen_estacionario
1.25,12.5,10.0,1.25,50,M/M/1/K,3,2.3626646257960084e-05,2.8845777717277723e-05,2.0633592684902923e-05,5.575237225997245e-06,323.77831292611904,capacidad_finita_regimen_estacionario
1.25,12.5,10.0,1.25,50,M/M/1/K,4,3.1532860706035255e-05,3.618606775743203e-05,2.588415505011438e-05,6.9690465324965565e-06,352.4702275841898,capacidad_finita_regimen_estacionario
1.25,12.5,10.0,1.25,50,M/M/1/K,5,1.72519359346974e-05,1.7334790333648163e-05,1.2399700452813587e-05,8.711308165620695e-06,98.04070303450425,capacidad_finita_regimen_estacionario
1.25,12.5,10.0,1.25,50,M/M/1/K,6,1.8373847553998476e-05,1.4885721830540441e-05,1.0647864102764966e-05,1.088913520702587e-05,68.73559933522849,capacidad_finita_regimen_estacionario
1.25,12.5,10.0,1.25,50,M/M/1/K,7,2.278612430763546e-05,1.4970387008325183e-05,1.0708425714593477e-05,1.3611419008782338e-05,67.40447335383205,capacidad_finita_regimen_estacionario
1.25,12.5,10.0,1.25,50,M/M/1/K,8,3.42797646552406e-05,2.6324425999215288e-05,1.8830051630271575e-05,1.701427376097792e-05,101.47650811791289,capacidad_finita_regimen_estacionario
1.25,12.5,10.0,1.25,50,M/M/1/K,9,3.471952893482562e-05,3.5617711907671344e-05,2.547760601479336e-05,2.1267842201222402e-05,63.24894931198078,capacidad_finita_regimen_estacionario
1.25,12.5,10.0,1.25,50,M/M/1/K,10,4.713021929001357e-05,4.3861929957145e-05,3.1374754599436134e-05,2.6584802751528003e-05,77.28256150896092,capacidad_finita_regimen_estacionario
1.25,12.5,10.0,1.25,50,M/M/1/K,11,6.107332579626485e-05,4.865165910548887e-05,3.480088237753166e-05,3.3231003439410006e-05,83.78417584536582,capacidad_finita_regimen_estacionario
1.25,12.5,10.0,1.25,50,M/M/1/K,12,8.839008873050305e-05,5.5099092066029864e-05,3.941277763911574e-05,4.1538754299262504e-05,112.78945462279393,capacidad_finita_regimen_estacionario
1.25,12.5,10.0,1.25,50,M/M/1/K,13,8.543780595371859e-05,6.635703965905499e-05,4.746566868539625e-05,5.1923442874078126e-05,64.54572583123513,capacidad_finita_regimen_estacionario
1.25,12.5,10.0,1.25,50,M/M/1/K,14,9.918900478043645e-05,6.118018686630792e-05,4.376262857456349e-05,6.490430359259766e-05,52.823463607348465,capacidad_finita_regimen_estacionario
1.25,12.5,10.0,1.25,50,M/M/1/K,15,0.00011635004941966756,8.810509267072264e-05,6.30222077369901e-05,8.113037949074707e-05,43.41119830819637,capacidad_finita_regimen_estacionario
1.25,12.5,10.0,1.25,50,M/M/1/K,16,0.00012373381497108612,9.239911089590918e-05,6.609374991929637e-05,0.00010141297436343385,22.00984711054922,capacidad_finita_regimen_estacionario
1.25,12.5,10.0,1.25,50,M/M/1/K,17,0.00014852726575673186,0.0001036646780664707,7.415209130430092e-05,0.0001267662179542923,17.166283063115333,capacidad_finita_regimen_estacionario
1.25,12.5,10.0,1.25,50,M/M/1/K,18,0.00017621797903660444,0.00011435286670509049,8.179742966439628e-05,0.00015845777244286537,11.20816373973881,capacidad_finita_regimen_estacionario
1.25,12.5,10.0,1.25,50,M/M/1/K,19,0.00021593407185369046,0.00014588423609738151,0.00010435204542877056,0.00019807221555358172,9.01785050981914,capacidad_finita_regimen_estacionario
1.25,12.5,10.0,1.25,50,M/M/1/K,20,0.00025061127250753664,0.000138825486378147,9.930287088409815e-05,0.00024759026944197715,1.2201622755079509,capacidad_finita_regimen_estacionario
1.25,12.5,10.0,1.25,50,M/M/1/K,>20,0.9982875462265792,0.0008240113068345027,0.0005894212262057971,,,capacidad_finita_regimen_estacionario
